794e8123c6bdcfc2191d386b0c00b1df,0.023083013
a5d266787de2ad069d8f088d1b59b12e,0.019283375
c6e0fbc47e0a9da4f5427f0e07df444f,0.019045878
daf013c0818a88a2d9734e537a165d78,0.018776808
df6d9444b5e57e81058d4b66bd15e7c1,0.014387935
e5edb6247daaf73fe788d5ac88c73e4c,0.0131368525
96a9ff78389be697f2112512f55418b9,0.012872265
e645bf303fa8c6386d237ed7602f35f1,0.012789212
dc91ed7ddfafb95a26d2c2967ebc744f,0.012379011
d05da9ef9ff1953c2a15d0856c11e343,0.011356899
9bb4bb9fc7431ed9cd04be4e8a699d5b,0.01048707
26beb3295e398c95d786ef5c439691e0,0.010237906
6bfe71f580ccfa342a0ddd97cb0f4170,0.010134626
fa1b60b207ca10424d47b11c0fcedaf4,0.01011521
6694ab6b11c1620b855d59e8c8e297d1,0.010037092
6d0df4136f47a8a126a13ae241de2a5e,0.0099637285
f51ae71d1b1c38d038f095cbae9c4f46,0.009735193
59de8ffd1c9500ccd3406aadf742a394,0.009517249
dae9a35d81c172427fc003732e2c8097,0.009472691
4a36a1cd4ed0cf27a8c99a1b25bb76ce,0.009322498
2dac5fe0cb4c1e278b5c79d13b27ecd5,0.009114521
fb1dab94147bdbc01425520a7df82732,0.008824068
bd36de651f37421dd5eb02b3c72fad9d,0.008796525
026ad291bae7b24e5bb46ef83829e628,0.00851386
63f64c42905648ed21b70153ab33564f,0.008494433
a930834c011c07d8084b726ce84a1564,0.008350261
9160ff100783e4b36dfd4d880bea352f,0.007837705
af7001b9fed143367717be683e73a19e,0.007648289
647b5a104895ddc63dbaaf0bdc1ff642,0.0076183174
6f9f7c810a20d5de275915e835946b18,0.0073569603
ef53c5d719298d40718c13a1365c222c,0.0073309094
31bddef20a641c6983313f2c788f2ff4,0.0071614846
412a03ccfe7901eb0614f124bacdfc01,0.0070212064
3ee2fe1874b93c7200a124dbea941810,0.006789844
3644b0bc1ecb5d94f4b15d2bc8bf52eb,0.006697598
9982bbcfb7d81f37266bd4b2e8426a23,0.006667957
ce4d712ab9beb1d60092653c19f94b39,0.0065036784
9d3e7fd005afcefb032da8af6dd354c7,0.0064382795
b33ae8e52931b1d329d9d8d4ecac9645,0.006429308
9d2da0c995b79ab67ef115df31182acd,0.006129064
1177c4dc08d22685b7cda797ab4515fb,0.006118449
4e54e9b3e236597df914f81185bfbe83,0.0059846467
1a72c36bf160e43b1a124aba9124455b,0.0059552346
2575188d2b79eaf43eb4ad5dbd14b27c,0.005954401
4dd6f34db0cc7da61491bc20dfe6de9c,0.00588922
fee9d92edb4dcf51e6ac35e0c68647f0,0.0058837067
8afc9ab135910c6571534c514e686704,0.005808954
ef63210b495a2604f8a624c1dc463967,0.0057263887
3326086960c2cc53c57e0bea3e12611c,0.0056711994
61127018e8fd207ed628b01d05783970,0.005411978
c8f7e73a2070b831ad808c6bd922ccc7,0.005399028
a23472579e90f7a09f1599cd827acd9a,0.0053938264
dcfe47bcbf2652f9ca01dca3bd434261,0.005319057
158d9ddb313e881816d9e31fd1686377,0.0052798185
66296a9aaf30b05406251ff0651df48e,0.005243165
656a7cffe81578eabf8d169c6a3ca878,0.0052329726
2fef984171f64a741a1cf080eba96dc2,0.005164666
b4b6efb26643ae99b1864fa96347dcdd,0.0051168674
562731e7422eab7b3cf824714ef287dc,0.0049982322
48a69d545980c6d19195751c0348b850,0.004960701
7c2a5a6c0d2f5b0e09e200c1b741b7af,0.0049453913
f2344096c703fcfd182335b63d5a4e49,0.0049152253
b4d3c6b2e1a6439a76ac9c2da7605f69,0.004843321
32c0543eb832f95926441b2b5435e5f3,0.004829765
ccfc798c215351f431fd9b5a4f94a5f0,0.0047996975
de29cce79b6a8ffa84b8c5e371b8627c,0.004722622
9f3c24a3fc1057514f2fa777f06c1000,0.0046987496
0625afd54a603748c0362579cb33ef73,0.0046132747
f2680b475fc6ba07079de7c40dc63eff,0.0046081813
81ca2b3767b441c85d44d95c08386b06,0.0045969984
734116b4cc1641677216e2ab8e8d5fa5,0.004543846
4594c62a0c175c087cf05c26c2fca2fb,0.004531994
ef66f646027194e9f1271ce58494d233,0.004448821
88b7cb422eabdec65b52b08f7304b97f,0.004366477
548c86078066e35469e32acd671f1f26,0.0043295342
a9ef8dec661f9e99b02bb52c9441d113,0.004298763
363d7ab37789504b7842bf277bda876a,0.0042777606
aa307a351a85ce2f3da2b4c1bfda066b,0.004239544
849f017dd28d5b8fa23cbe7d538ece90,0.004198144
d1449287b234cb37e469f9df4b239143,0.004167272
dc8b753e60c896b3339168c570c42414,0.0041323686
d79dc76a1b41ad3ef4026be9c746bc12,0.0041194083
9f4966021a7710a70a1f06bc379e81a6,0.004108571
451a1da04b42b4d73e5ef2a8054a9598,0.004076889
7652ce80faf2a0ffd9bbcfa4ca2cef7f,0.004064964
e8d0041a6fb24c5485fac2780e80f571,0.0040574446
437ca295f944a9b42a9cf8d6328d924d,0.004043901
12dbbae731a3ead289d7959509ea3ca3,0.0040235594
9c7c35f0124b0491ea751a258d65557f,0.003989898
e1df1332ebc9173768cb1a6d7c838ca8,0.0039238967
2d85c80c97d815a3bd9e40021f1c0d2f,0.0038728493
af0e37720ebdd576ac49d3176795b9b6,0.0038313505
a01dc91c88374dbf7e8ce979c95c412b,0.0037443852
ba8a69296f75823b5292005ef7032e2e,0.0037381232
6ca65b96bb3a1aa839dd62c7017c27d3,0.003696911
bed7bab256339714f94ba3282bf3c7c0,0.0036736322
5a9c468685e92d1e43f51c018f611b4e,0.0036614789
3b86bfb9eb4a94079e6ddbcf4b20cd24,0.0036607387
4ff41ea43eacdd642ec4642f08569489,0.0035549542
d62c567106872a6d1caedb1891141a1b,0.0035516622
e81d85f241b1b3d51d8e93c957d0dba1,0.0035296362
629bf19518929b4eaff5b51c9edbc600,0.0035280539
17e044177361bb89275e6749d1966305,0.0035039464
df1e69dd7ea34e8851f5affb67ee9c5f,0.0034545592
103c6abcce39d558c3dae25ed2834ebf,0.0033014398
c0b6812008ba62f8542f21e52c4d0b6d,0.0032884628
c368e1a78fd20da8e2cc2ad7150b6cfb,0.003280806
dc44323060a96a2a372ebce272d5244b,0.0032766582
dd5840d8015b879742b04b031521b8e1,0.0032752275
1cb66b4dcf20b8a4b5be70fc946e328d,0.0032384016
c96ece571e6ce5e903c67e794bcebe8b,0.0032239219
0914086f1661a7c30264a20b6671c085,0.0031234196
51c02d84b4c5e9e7b9f00512fd8c6255,0.0030767985
4ce7ca3a3087e9c563a64893e7d16ff2,0.0029538572
48645283f7e325b651305bed98b7f1cd,0.002895132
34384f2b013c55bfb27f2cec7a83509d,0.0028802394
7855ab5a9533192a5de55c0580edb62c,0.0028680256
3a2b6989426c6ce66e84a0c0f2c377b8,0.0028618383
f48ce3cab14f3cab3580964d9d30e23b,0.0028513875
1c324909731ccd9d1dad533e192de46c,0.0028250462
8516244ad62925132d6b596fcaa54d18,0.002797248
e3e90d0d074c888de3f23ad7ea356dbf,0.0027576815
f272ee0bbc811ab219058af71df81dd9,0.0027497925
ce862f140308782b7833e2c4405f9e42,0.0027449047
ccfa90420fb69a3c38b32218d42b4a85,0.0027265195
eab722c09880cc2971478e7caa403b5d,0.0026543685
5dc018af1a4a462dcd8156bf8abcc1c7,0.002621058
a9ac44bded07ab107f394d2c6234c17a,0.0026019479
4b1a7586b30ae1b3d660cd8f3e2db718,0.0025838946
68f1b799d3c410320b9427fe07d258b5,0.0025805822
dc239867a9c871d0077b82bb72fbffd9,0.0025673474
5d013785e9ee61de8017ddd2a6ca4f99,0.0025658982
16f77ddfeae5d5e7a9847499fd5448ea,0.0025308246
8de19984345b3dfc6558a9bfaacb5800,0.002524638
77a4cd992216a8b9d08592c945559df2,0.0024703057
9ddcc3ced618a530f2d5bbfa0e463640,0.0024602558
a3ed1cc4b71f4d8073f3ac44c218d3bc,0.0024505523
de4e44fed2308b3af72d75fd822079fb,0.002439736
4e2fdbea5557e69ac310ef00634ff1ad,0.0024278893
927a92ebf0d7f18dd813c498df11f83d,0.0024115972
f8dab19399d0ba5f03e82e474f30e189,0.002406674
e53cfe56f9bddd232c99210df5de46dd,0.0023098872
8480394458ff885c71a30f2e4dd38708,0.0022965549
a532fe36976972c6af31b97c4e56eded,0.0022936636
5d57d8d264b6a8c87e6afd495e86b9cb,0.0022857047
790514fe711efdd0693472ffbc1bf988,0.0022143377
6c4fd1d95c08c9b7956d69f18250a176,0.0022047376
2f9f3c3fe1bd257a4d9270f6ee884926,0.0021947203
4838b3d3fc94a1c9288942bf74e742a7,0.0021556146
d9825e7e422f8b3307f169366ed780b0,0.0019776437
b72f1f5f49815d3a5803766c1a383063,0.0019612066
410d1975ca29bdc516b1609084ab2af4,0.0019485764
49d13991d35ea5d4485c53436173fb22,0.0019343215
32dffd171435056f70d0ef447cc83f45,0.0019320081
d16fd2ca36b0dbd9c0246d1f9baf3d6b,0.0019186888
c83d4fd3c71723c964ef5330bc50788f,0.0018872088
1c2faacefc5c9fa7729c9a0986ae8b4d,0.0018835953
52376719d53e630e5d0318d1f27c11c0,0.0018832999
21dbef757e299e48bb7101bffd93a580,0.0018657033
29891b648dbd4991017c137a906e3a03,0.0018583982
40de80b0bccdfc11404278969fa50377,0.0018103888
ead1716183186d68e51392ababae73b3,0.0017999804
253db434e74b9cd1f60b8a7633d9e137,0.0017221846
9bf2e3593f3c88384b5c28c6fa879349,0.0017163078
fc59113514727a7be6548d1c3b9a7011,0.0017151956
b9fb81240549d745c9bb04f6c3839d04,0.0016941858
9bafa8f9062e9c6341d2a3a80d8ffcc9,0.0016817976
0ec7ebe2185e6fedace92df4c732a35f,0.0016721033
cd2448ab63c575627999491020409159,0.0016646874
56486d33d1e8af163a4b9c4cb675f4de,0.0016377926
1d7bd554b14b27c8c0a667118a5c7ace,0.0016289087
19458c0a111ae38439e96dfbedf4f3a7,0.0016179864
4a28052a6e6e2b0ea0b8b8dd223eab3d,0.0016086544
ecd50a6bbf9d259faee61776e08d3bf6,0.0016047687
3ea30d475e26c39527ac2d79aa5db085,0.001581925
3a74a30f4256296178a2ad1730576725,0.0015719904
e33e016585faa9cc5d97825843de74d5,0.0015452111
c9049690972910a6371567df0d5f7300,0.0014801029
cd10877ef22429f999ed32de3ee44f1f,0.0014674584
a467af40466e895ed410a07382f2523a,0.0014056179
960af8fef98cf74013ef52ab019f204a,0.0014008518
db4bb253a8292d9ea38423593541475c,0.0013809785
c63190c8bc8c3df2ef1d49cdf49656c8,0.0013009101
2bee159a6cca80377a0ed06f75076eff,0.0012960946
f10f5f1e2262ff18307dbabe6f6b4be6,0.0012888754
b72ffa303f3513d2e56891178eeb2bc9,0.001277206
df2ce18a281ce4778946543786348c68,0.0012630954
fd603e1f0955a460d438a5fa8cd652d5,0.0012600541
d2c26f0e20af37de925943db70b853d2,0.001245841
99cdb5997c2d3ba9cdc1fde3b7eeb8ca,0.0012241761
69501c852ebddc19a3396272e9fd4ca8,0.0012223836
514b6fbf06ab35f2bf62cfb570f4e1c5,0.0011936803
f852c4dcd9658127451abf8e1322d20a,0.0011882028
a8dd1031c226c0a4f803d455d6fe0f79,0.0011450414
c410b02d7ca52fc51ea3935204b223b8,0.001118038
714075f0b13855611fd5a1c93062a200,0.0011114735
1a657fefe37ff19400757a39c2b1cbfd,0.0011002034
7d02b549c92c13669d2c919927ac30ab,0.0010941237
b6a49dd8b2781db30509c982247aa106,0.0010905358
450fe66d332bac6c997ea19499890a62,0.0010902804
a3aa7688adc98129b89b368ea18639ca,0.0010884395
269cddec16d6312547187ef26c14628a,0.0010514437
f1b29b998bb644464f4ea7c413a91f63,0.0010232535
38bca48f36c4d667d2fc0345182030f9,0.0010199924
737c657ace72b351fefa05624886f60d,0.0010170889
15ae5e28e09f70ce93c37cf0f3716f21,0.0010143927
83b8a973451c61428653c200e45ee928,0.0010018502
d491455d217287eb35ccd5e4fc79d8df,0.0009966657
1ff1a1af55c6d79e40221b9205735fa8,0.0009878308
c4f647a221c738699d7e7288cc6a6c0a,0.0009840345
814c2da637815aa18048b33714770177,0.000981094
928b19fe4cf46056c172686fa7499e1c,0.00097348506
f885dac60919d59ef45c273c11576bc5,0.00095962646
a8afae2a596401ea61570a978de7f3e0,0.00094208797
6d8c61adb1f7faa5f8aadd10eebac08d,0.00094150123
fac14326d65feb093e63fb5e6382fb1b,0.0009362419
7bfe0e64ee4953fb134aa590d90c9861,0.0009174158
728a74bd753567488e87802d5cabdda3,0.00090073794
6ea5289ca49ddfa7750f96bf3a3d6a4b,0.00089946575
0349353caafcc6f133595b60580832d5,0.0008792166
5033ecd4c49bfc54c896ba95e40b9d43,0.0008763153
662979c76aceff0791fb86729ee0bc42,0.0008707305
5ed7e996371e5ffe197562a078dc51d7,0.000868781
2e42d9ce0213603a0eb29ef98db0bd1b,0.00086388335
ca8f02647d99e4d9511726864bb85518,0.0008469676
8d2f9922877ac7c537a105a27ffdad52,0.0008423342
4d1bc44dcfcc67a14390f5a2af1273ad,0.00084221596
7b4ba399aa3506a00366076889c6ddbf,0.0008391251
2036200e8f5c134880b761797d3087fc,0.00083761505
a6d2b9696f63e909b957ea8af3a7390c,0.0008328749
71ffe16fb6ed7993af4a46b729823011,0.0008224506
ad492160ea3b03b1fcd7d2c4b84b65aa,0.00081155665
a0d9df389e7c23a150c41f50571458bf,0.00080347416
2a3176fb4f5d25bffd284b625a9c6093,0.00079613144
b93d29d62c7ca36a8543fb44babbc8db,0.000788116
d08732f8eba9a98f176da18e43753829,0.00078559876
308ee6890913d5976a88a05629dd15d5,0.0007837261
9a0820af2c7ecdde38c01e0f0f2e1e06,0.00077846355
719a67be80b009fa5227a4b81d1d27e1,0.00076760515
f382b52502800b0c71c2fb7ff8d34d3f,0.0007586157
5baac85ee44737b548f650c56196671c,0.0007488143
ddc2071691f9dd0fb161d2a00b4264c4,0.0007401231
04667530013ecead3208851c08f660d8,0.00073969335
0785b14a24d38cfb2212da031137d911,0.0007390388
41554408a6225ad130e61942901e2d27,0.0007381376
f3da8ffe508ba7f67079e6ca590a43f5,0.00073603215
bddd598aaeda6a2c9cd23c92789bef50,0.0007289731
a68e0acc6b95d54ad2be7910910f484e,0.00072493084
a2827c954a2c68e6df998e5911668cf9,0.0007043207
cf1c74a0fe967bacb3e9290b6703baac,0.0006990211
0464daf03def1a4e3b7d5b87ef72fe9a,0.0006942936
a4b06474060bd4b6f2710b7d5200c9c2,0.0006907144
65225636b22e87238d886879811004e6,0.0006785414
39823b35db2b5e1cfbf567193c9d540e,0.0006775441
9545f740c8ef48d1e8623b0c63a0f4f5,0.0006728628
fd53de92e75bc7b8a9941a2377503350,0.00067028374
790e72c3175f7ed4523819ac800bec99,0.00066646666
d859b93b57c09f2ac43012d5b1c00b87,0.00066449126
4325a3232bf00845796eb4a17e685924,0.00065808
acd9053e5d52b05b91dea06097fc3e93,0.000653041
c626e1f503796523ee22c3599e7f5cee,0.0006380416
a632bc27f6f43dd6871120a0350a6f22,0.0006371936
4c73d608dd2a4c31a209879225b5481c,0.0006280988
760c2f1938240e8231c548b9c47e9230,0.00061468827
892ac5b1f527a70c06eb2e39b0110d59,0.00059927267
032c1373991c5e68076d13123a534ac0,0.0005987853
20b797cc860981bb45787a1b2f7af486,0.00059551006
de53975fca3cae245e7901cb5cbc19f8,0.00058121444
c086900c24b8a2e4b77bd9e068591e0c,0.00057945505
2e948a9cb5d6dfa3795a366aba78c0e7,0.0005791217
e9de235a3265ad4cbbaea62621a30cb6,0.000572696
a2827f0853cc08719ed959f437670dab,0.0005598948
0d08683bc92137e661a06fd92bda210d,0.00055585743
923c7e09f61fe703be02109b2c543565,0.0005515833
2079d3365e02cdae6b68524613274644,0.0005483865
ac9bfcbbe1d11c485ad09768d5a97bee,0.0005431144
6bfd7d4015a06917400716a2ce8cd26c,0.0005389837
d2da1e9f43088bd77794fb3cd210f5d3,0.0005388939
41e2013724e8e590b663aba10051b944,0.0005388041
12f79faa7fd4c641b0570208feffe808,0.00051842106
a4707193d06a3bb248f16b6ac1dee129,0.000503408
e122c7f5407bfc8ea9f455871d625210,0.0004985321
d05dd1c3863561dffa5b8762d9f79009,0.0004907435
e70c57273472fe00ae32e60f3490d9ce,0.0004901432
e2282b901ba50b440c21bcddbcfff456,0.00049008353
ae15b34d86d963874d0dc1ec19a008d8,0.00048178382
ce3086f5d5ad8e3cfac850202bb6d595,0.00047527908
fc98f6b7e17d4afa3e8c1a8f63843881,0.0004548912
bc8fddacf89b0809286e45e3db582640,0.0004501033
613a88e31272269532542196b6d3c801,0.00044630724
fd2da4eb330791977d2ad7fbb37fa37d,0.00044627517
e5039a39c06031e80f9229094fac9bc2,0.00044321312
c281440e1b18e41f67d937615971f377,0.00044220232
a25955d564b808c62857ab39bc0958a3,0.00044139253
17f333d46b1e1f7ce98a939b13052a9e,0.00044028007
f496a75e4ace35ef8953319943f5295e,0.00043700365
0f903fd2969d4453d34bb93c5659d816,0.00043258167
34591b176b8a43b00fe4b1358124e477,0.000421612
c6fd9173b8dc3367ac66e89c7d4ce66f,0.0004198696
1b5a1502ccdf162993e05fd190f0e5b4,0.00041438773
6775cfc88cf98fe98f31e35bced4aca7,0.00041256845
8ef85515b47028255ac48e97e362de8d,0.00040680027
2b39f78780fd5a05ca76316ac29b08c5,0.0004019745
9b7443b0a99ef6d88bb5fa5462743656,0.0004005379
fb5c5b8e82d53051c2c2e57af539575c,0.00038418768
4199ed2ae807844d98051c0f65a559f5,0.0003783223
3b35b79329332e3302151d47d8dfaa13,0.00037732872
e16bdd520a0c13db352acb24964028f9,0.0003766898
ee9a4d0bbb233943b33641863072f9d1,0.0003753846
0d58095491340aa5b525784efb83fb8e,0.0003737632
9cdeb31494fcbe79bc21319cc76d6ffa,0.0003677607
82b26db3b340505930fbfb8615e012dd,0.0003672064
2d9eea7e5dc26eb79e7420a5e6823ea7,0.00036474757
d36a574c650a105c0dbb823384cf6529,0.00036376345
5447f3b01de7fc5f0554bd64821ce59c,0.00036323335
ee69af0fce8330f0150ddb96038557cf,0.00036219164
d70f64b71867b2b07f83390f2fdf50ce,0.00036185578
e9db2f901f4775c879e08d17554e5d69,0.00035442263
53d5dc901b7ffd21e497e3dcc0f2c45e,0.00034805405
ed1421c30fd85e5aba0ffda967afb853,0.0003456169
4c96ff2a15f533d50748a239246afd26,0.00034426543
69f65452eef27c1ee1d8320aa3e9c7f4,0.00034250002
ae998b483b94a6430db356f664c69122,0.0003386012
1edd1a14a6cb0661cec6b3456c60c684,0.00033824076
7159a50214c83a9c5e96823f353d906e,0.00033763942
1cb763bc912d7bfe46441d16aa525fc3,0.0003293308
83a417ceec3f4692e65b974f406793c4,0.00032726474
62f4609b2b21cbd07dff71704a6db2b1,0.00032650045
ac98008f56a14f8266074f46daebfadb,0.00032179174
02d27e9993ed1a2cd8b1e67db7c52a99,0.00031593026
90afa11bbd25fee8478ea53bd978ea0b,0.0003104271
16537b253c1190f6c0aef268112ca92e,0.00031019107
e582d725fd61ba495e78e9bf437088da,0.00030132043
5af228cb14ceeffba477fe05d2954d61,0.0003004813
6d19c080d1d278f6d6bbb28a02d1b521,0.00030042708
00a184c4207a3c9d3fb5eded6cdeefe4,0.00029809977
7529cc6d9808ec84ac5a979d620c1ff6,0.00029507332
35c3c28c08d59b8f7f8d2c07662eae65,0.00029092253
dd506dbe962d05e53d65b70a8038f0ab,0.00028985224
593ec77c8bf02e52de1409bbfb554f10,0.00028026052
2e7c8320cccfed8e873dab6e88960cce,0.00027427348
6cba2535688457e46e30327fec6a6f3e,0.00027305138
2d6569f321f9addd532b5e638b0f0185,0.0002708366
3da434ea352d1c439a6b8ffd4455a34d,0.0002648873
c23c92d112acbebc14227ce81d5c7ec1,0.0002635176
1446bfd420fc3898ac3ed676bf28d6b6,0.00026251414
c1777dba6738a4022b6ceef6d0f329e7,0.00026246937
66e6a853b46d531d62b47dfc7c97d3a7,0.00026094247
f6e0680f72e91ef0bd1f4c38398905fb,0.0002585305
74d628fbb8b56e3a74ce9fad6d6c9a61,0.0002580109
5c0a5f97de86b566d78e18e6ad20f546,0.00025640146
5e21775f47c52ac88ece3ffb83b169bc,0.00025609953
a3e4249c8821c9e3e6fad610a9dea7ea,0.00025195128
3065647e53aeda9070f5096de22c75bd,0.00024578284
def01bcbd8bec3fd5f93c396b1e09b3e,0.0002409299
1a4994bed13815ed401d43833c6dcd72,0.00023790817
6f7992d439967d2708d3cd9a54176bca,0.00023705089
2b6f7f6a74f45b08a18cad78b2409c71,0.00023437981
6217b44c23d6849662e50c5c18f92b37,0.00023049282
4c8d9f7870c2bd44b1ae15a717d41182,0.00022938706
5855790a6badf4dcb21208da98c1e853,0.00022411482
77c3def035c4b5814b677ff6796972ac,0.00021624212
51275f421ceddfed9617d9dfa83153e6,0.00021502051
6092b873481d576ac15f1c02d2c6eef7,0.00021460812
02ae76ec00cc76c5396c17350cf711de,0.00021067756
b21bd1007c5a696ea49dbb4818d743fa,0.0002065523
9edc2bec07201451102e84cf2d599e85,0.00020329533
b5ecc3e4b8bdce7360e5ee9551022d57,0.00020239002
17179070e45798a9dfd252303b53484e,0.00019761518
96a0538936029b52ffebaf4973cfef38,0.00019360187
0bdd5d0d3945fae90cb5b965ee8965c3,0.00018901884
37aa77687c3a555bad8e4379b77fd104,0.00018433348
ca99dcc2441e4b7b9ca3a3b78002db0b,0.00018427781
e4bd522ed529b400eab4dcf8372349fa,0.00017996678
8ff632eacb8489d269d0ae2eb4a81ae2,0.00017371701
a735d88394e79419a314dbb13d0550df,0.00016993923
112f8a662a98c9a65a933f789683d7ae,0.00016458178
c780ae26da0c33f9f904be8d05d4f1b1,0.00015365146
5a723bde0b0d738eea3659749d0f9804,0.00014813771
cca9e58977a4e238cda75adb647180f6,0.0001473231
c2614a9f9de1270cc7a7550702314bb9,0.00014356626
e5d0bef2cf29066175865acc93e494c5,0.00014293622
a446edd7d738b929ca8bbb91efd597ba,0.00014215417
eb049cc340b8c20e52512a05efd5a8be,0.00014173955
bbb15b0622c3af802efa34bab94b38d2,0.00013679107
992465de726c4ca738cd8f4fd040e41a,0.00013568522
9d9adbbcc5444e80f99bc3b240b6240f,0.00013500247
4d17f911874845ed9f5cf91024279489,0.00013392992
7a7c240aebeb679b8daf8c5e4534deab,0.00013358709
6153f085c7a4ce9defa720b761bac61e,0.00013301936
8e80bed09e4b1d2a7ec0dd1fa5886c16,0.00012984475
75fd312b5f9ee9d50f139118a2a4267d,0.00012858423
788d15528bb95a14fb06f2ce3df4644b,0.00012853042
fefd1850f25bf2a3697ee1570d558d33,0.00012688812
d67c0f53b35d41a04ec4d03087e92aef,0.00012650313
60532133addc9106958f7f162197f356,0.00012568192
608c59a85f1d04f007fccfd1f2f9c708,0.00012136276
06e991ee36590404f8d6f18e8338a4db,0.00011753097
b6328fc4f2414f59b573a8112f9038aa,0.00011733064
d1801fd6f56bf89b8b704042618b2058,0.00011694254
16d19adc33c9a7c9f50c9c91536ccb13,0.000112363836
ad49b5c7d62737d9fd9a8ef9a57a3af9,0.000112152455
695d7ec7a319df4aeb6480de4349b661,0.000111872425
678ca9255c5596b30b5cc709d45bb508,0.000110285226
a5dba7de72caf801fb920934ce9b2a02,0.00010908983
3ca33e0f28119e01fab244e3e147c51c,0.000107449385
1ba4efe18ab42475e3bbe6bee1e85f4b,0.00010360155
0e5b78f5e410c536e24b7247c4d90771,0.00010260115
55ff7f2f4e2c95963b098d7b07800ea3,0.00010173472
0d8ae8b16d47ce35ab27e62dc056fc44,0.000101491685
6d26762e6e18bc8a49c9ed588fb1d871,9.968778e-05
6de15e8c3090111b869f35b70d5ef633,9.939754e-05
1e0a8682f1e5160ac9ae4f48eecac963,9.867652e-05
d4c69b3544824fd9f02d5b4493ccaf04,9.646403e-05
6302a6fd2317461e2eaee9a7bf63523d,9.299478e-05
625dc56f83adf041eddab16f627ae8c9,9.115773e-05
fab80eaf5be9d21534f2f1c844820d55,8.940723e-05
8b0ba67c84b982d4103cde55583ec9a8,8.6312284e-05
7c8cf4dd83541f941709d436b66f3a48,8.603052e-05
e0076ac7aed74faf3e2c21222474fcce,8.5809246e-05
28f5f363d9ec49846864c80f4a594cad,8.531028e-05
aafe768cc6ce716d7a33c2f057e970c7,8.505792e-05
9368c2bc15265cfc01b32b037a03e8fb,8.4178864e-05
6ef3895b1876209e2ead857a9b501119,8.402681e-05
ba57d5da89f324301625e996fa390f6e,8.283302e-05
b102e88d1a04bd369f7ccd8447296d97,8.169525e-05
d168a291528571f4dcb7875041588e8a,8.119609e-05
f6c920a1b4bb861158f87f4e7eb76005,8.1192775e-05
f0d0c514534a36b1b79215aaf70095ad,8.098892e-05
d9bb2b29966a1f91d35c0e8ac00d3205,7.696248e-05
30978e2a19034984a664f19a84584811,7.6540484e-05
5d493822f2f784f3d122aecc6b937baf,7.476022e-05
daa3032bcae04dd23a7c65a9ec512b80,7.37783e-05
89181a27f7a122f3e07ce21a3a2baf59,6.941794e-05
5295213c77290bf57ce6bf685802c706,6.917397e-05
7270fd9c7b2b47ce3868a894b4a75c07,6.875244e-05
d62a272e3442301761d3a9deda7ad38c,6.831738e-05
a70f36636146b9594dcc21839e7dcbe4,6.819765e-05
42970576967495f6ff2ad09e3c12b862,6.812803e-05
9164779ce99b90eca215c38289273cdb,6.756142e-05
3368c931204dd1b4640809294fe36529,6.620367e-05
93ed72acdae70ee134ce6bf503d0dcd8,6.546439e-05
8e20e9da1602128e5fa927139947147d,6.314514e-05
1c6b81299c4f0857dfcddd62982e466c,6.009572e-05
c4bb505cdd12bd914fa42e4849484af3,5.943198e-05
0eb5754238cf1fc3a6b85408c49b710f,5.8139536e-05
4e494769c23ee1a748231eaee9c477c0,5.7037294e-05
e6be7ad473aa81b7bfda48d0d6d298db,5.6497174e-05
d0d4736dfaa004c25fdda19891f23f34,5.4945056e-05
f981b74ed0b8d6fc15bc0a43257fbd38,5.492547e-05
db23b596eb744cb010865a622628c2bf,5.347594e-05
bf0d22ab451761bc9ee9e2e648b1bff4,5.294418e-05
9941e6a586fc2013ec72729d7f82c3f4,5.257949e-05
99daa99e83164ce68f793824a96433cb,5.096741e-05
544faab9ad42fd4e688f6124d04961ed,4.9715512e-05
1b17d5d844cecccb0dbbdc56fbce79ce,4.9587074e-05
f5483e3d3d4369cf128345bcd3cc3132,4.9587074e-05
7c0459d2fcea7c1215c7b9ee9425f113,4.926108e-05
e82bad09d82dbb1f9d99aa9c293dc5ea,4.761905e-05
59ef00899a28e3f3736e77c3a7df8d05,4.761905e-05
738f011867ae0c72808e598204eecd7f,4.660559e-05
ff645a4fd0208af69e27691d20658a4e,4.6511628e-05
76990d67d985b2d80edb7ff7226dd5a5,4.6511628e-05
77abb69b114f629457175c91d221a387,4.640771e-05
24ec4d34b8c2dad0128305e599ed6bc3,4.608295e-05
b98c12be34b70028c97a74ee3bfa5be7,4.608295e-05
9493cce49b2520c23e55aad5cbe17c7f,4.329004e-05
96b6d24fdefc7e7a2d17af4998619d8e,4.310345e-05
644f692204996e49d89788a74ba0aa53,4.310345e-05
13476207c9e86b050737d2f6fd18aee4,3.95998e-05
cf272bddf6f4459985d6733e2b96a578,3.731343e-05
bf92cf341a4a6c657f15785d6efa6781,3.6101083e-05
4249884b05fd0957888c9e8b70221d3e,3.5714285e-05
eed325e02528b46880fd423bc5c2648d,3.508772e-05
8f325c3b38ea471d57a4565ce035f446,3.508772e-05
46e6a6fb5c6a702b1a6e2ec5e495e45b,3.4722223e-05
ef62c94c4467529d63517e71dd954b51,3.4722223e-05
ca2f693b69c884cc68124fd4660bd2f2,3.4722223e-05
12477dea40ac4ee46488deaddc4b1c17,3.3898305e-05
da272f39ff26975f64ef6cfde1ce48bb,3.3898305e-05
5a59383c9b9e5b39eba11b092cb6f3ca,3.2258064e-05
41d27ec88155e6d815a1a800b548e042,3.0864197e-05
e5d86732c510482ee979c8711bbf2261,3.0864197e-05
39e128ba61deff32bedfd62ba60c75f2,2.9850746e-05
04332ae638725c7521cfb7dfe37fa6e4,2.9850746e-05
c811575df790c682c5c745862c2a4f4c,2.8490029e-05
6a530e1f6fb51c460843d70449f4d624,2.8248587e-05
5dcc77b06fa53bd0a13a40ed8dd1f7bc,2.8011205e-05
6382f2bcdcb74c186a0c04bc7f41687f,2.8011205e-05
7e9ca6bcbf7711d6dacee8a346ddbab9,2.7548209e-05
70f025d8d12fde4e3e5c94a8479b2b99,2.7548209e-05
b589501558588b8cd62811fcdb83d40d,2.3419203e-05
9fa778134e1ac8c400bbc13402d79d5a,2.2988506e-05
d0798acc2f5a66d9011ec440082939e4,2.1097045e-05
ff01e36b3d63fd0c866ffc6a8adf6da4,2.1097045e-05
f04a304ca96b1b6b679c4dfb2080c0de,2.1097045e-05
015e990f6871e03c60b714fd4a69deff,2.1097045e-05
34160086dc1e712577dc855fe4a9dd92,2.1097045e-05
bfad1e15dfaff9e9799fc316778769ea,2.03666e-05
9fa0c850450e61136f6ab992cd82729c,1.9723866e-05
19ac36f8fac9a3f8f82af771f7801995,1.908397e-05
674ead2ca9392408e425c780572d9063,1.908397e-05
5a40ff80d52001ef818e0210857dc53b,1.7035774e-05
9cebfb5e250e0d92ce7894e1157960d0,1.6611295e-05
d49a3df01e0d6a6779a468438fbd3ab0,1.6611295e-05
0bef96d08dd25928eb8f4c3d717c8e2f,1.6611295e-05
7b26f45cefbca59bdba206e8b001ab94,0.0
85c8b74010265bc599fef22580092450,0.0
545c5b2ca7aaaa9d5fdbd4daf7dfeb39,0.0
b21cf5c484d30fc7b73e2c635429e5df,0.0
bcc19fcf71d658e4a0c77a9cb784c332,0.0
1139c7d8ca2122137259178cbb0d1ba1,0.0
92e2d413b943d5360ed03e2953d1afae,0.0
f976d29ee35e5260f6ec22ea2772d27b,0.0
b60fe9dd3b95060646a25c09f78bc1b5,0.0
d7a5b53440b04850cebc46060a390c77,0.0
f14e2a429f5bef78452355293ec895c8,0.0
37275f491dbd974032aa95ba2d03c174,0.0
315e73c9ab95cd09737e6da1ff0e927e,0.0
d8ee229e8839c466f02731074e6ab594,0.0
7f4ddddfede6c30777ec54bc87bfb233,0.0
621c2dad5e8e18a0407498e527814d10,0.0
94c11db153c6a0169e28b10527d0a143,0.0
873ba1daf7faf7bd734212c4873b14e8,0.0
6a15f56cd6838e92fca11fcc415dcdbe,0.0
849e5070f6f64fbd50bf8b174a323d5a,0.0
2b581a7b1695d2e537d189498c874429,0.0
2afd4efa342d79606ea2cf543d7c6233,0.0
b19f0c5670332d6555fc44e7f554112c,0.0
1d4bbaf6730f85734c01f8d2ae09f0de,0.0
8ad24e7b3cdb0a8a510a2c9debe1c94a,0.0
15fdb1ea4b5584e70da03a96d05c8068,0.0
2e10d1d5cc119d570a6d429590578591,0.0
b3f4ff3d7a30c55ad7fae90cd79a82a3,0.0
0d441ef1fdf9eff32f0ec507023dc977,0.0
c198e9db7b8d694dacaa17737e4b5ab0,0.0
249d86817fa8cf9ad424b46fddbe37c6,0.0
ee93afbe4d12b385f714fe517481c3c4,0.0
606f9d58f7fe7717da494fdfa310c54d,0.0
d83c79018eaa2e28abade0608607f508,0.0
ea7c575600b55fc3aa0b0b800a8b8de7,0.0
8ace1c11e2b87d8fcae360e8711a93bd,0.0
6bb21def13f1cf00ebea0b002d4cdc23,0.0
c54ced13744bd40bf55508edc3b05645,0.0
32be31469d4955656e01849c2ff8b9a6,0.0
27ccb8f9345bf052bc162b8312db19bc,0.0
53469832f6dae320d8acb0538bcb1c45,0.0
7bd7c808b93243c45f2207e395cfdc65,0.0
4fa56ae67ea9db0c2cfea14377beaf9b,0.0
da5e13ec39f7bb38865706d33b56ad86,0.0
7a925e9a166af78e91a2b81e1d0a1d1d,0.0
23823b2102ca1fe671329562973ba870,0.0
e077691ae1f9d5d1ee20cd5a673b1f5d,0.0
ce4b2847bef0522cd996021a51eea3ab,0.0
36ecdec49774f95d9cd7aa084e854e46,0.0
94062d2063633b136f68018e914fb613,0.0
f0a4b97c6e334ebd7f7fd53bb043c2dd,0.0
26ee7588fc2e0aa561f5e49ae4fb2650,0.0
96ce2037acf37c59a3dbd836673bc1f8,0.0
05edf2b8d605089c0730a4b4ee85112b,0.0
e5eb303a54145f783a5c882a5da07ec0,0.0
8086f796e97dabcb1118d7139bf5df2f,0.0
e6b49558d04139b2016f2ee528b32c5a,0.0
208a6eacd3dbfa1d751d8708402b82d9,0.0
79923e8a20c2640779d27f41a02a23c1,0.0
785cdca1d49d30cdbc6b2b3686ff8c52,0.0
11ff95f1ecab237b965a476f36288c68,0.0
69a8d8fe5e803d3fc95187fcecbb328c,0.0
9aa9ce32bd6bbaeaff0df8ee3e47f655,0.0
72e0c7ba58989bdcca70183c63b7d2d4,0.0
f3a872ef62a48aa520240bd88728d099,0.0
241570276c4ae50a2258a6388bc179bf,0.0
a3fc15c26c79a6277d819dc0d2aa6b99,0.0
64c6cd34b9f9fc65c723df5be9cc2cdc,0.0
2ea9e1231f5f1aff4523853e1427e809,0.0
40809f0fa7ab356f3988ad85550d9998,0.0
8f75004689ba0fef4665542e4eb18afc,0.0
f1bcbca4f350dd21dc789bd20ec3ef30,0.0
8aff325e27d9db8365cc8081f1a78643,0.0
cdd2c6bcd0ae4bb78c17e4d2f56bf1eb,0.0
ce13cce5669efeab20424cbfeb934ba6,0.0
e104be4a03e7776c2a8d090f0ad5c4e8,0.0
75a96a321ad284accb16635935b05464,0.0
8a914b1c4a959bd68af7c59ccc538fe6,0.0
e9be272eee560f81bc9d84178360f7de,0.0
0eadecc17a6ca0eaacb7bfc9621bad12,0.0
c00137124b03a7412e8237cb236e14d5,0.0
fe01af1d681747a45d64ff32dda9fc7b,0.0
a6e7ad98f80c5bd3e0f76599ca79610a,0.0
2755ec2ed6b2f21c7487f77d0a334a34,0.0
661ddfd912b64e06f159b775a26193c0,0.0
1ce4d36656a3c433d0b6148a380d8130,0.0
8bf7a643af6d5dd1a9a640ea57847994,0.0
51a18735af0dc22c84f325a435dd545e,0.0
c080b6a348f9a7b3b2ec847664e1e241,0.0
6c9ff2fe741124f92ce7a16d91f64c68,0.0
a3e49d3d91b010ebf3a57843df940138,0.0
95403dd7cae163a1be2b0f90a42e119c,0.0
9a37810f43308a71d3200fd91b313bf0,0.0
c513f16ac66a1d4f29d1cf8d585e4346,0.0
178b2c82785cae18abd154964bd5343e,0.0
720237d9e13dc897afbc11815bb65e9f,0.0
22675b2431b2414698687ead1c9b1281,0.0
82fc1459bbb5e024b2c77f445c2a9930,0.0
3cf651089e72c01010795c7ab8906b77,0.0
7adbe0d015e08425e7ce4c099b12f806,0.0
15f54f4f4a65071c4f70554e37075c64,0.0
7196ea69f5082d2152897e0b53695000,0.0
037ccafd3c82cf441dae3bd54d33dfed,0.0
1693094142ef456e58fd682b2af0ef65,0.0
ad5bf0449dd7ad14129987ece2679119,0.0
7f30a98dfd933c50d0197294cb04fe7f,0.0
32001a70f179eb833cf299e6a1c5475f,0.0
34e46f686fc4adc272311832fabbdacf,0.0
d4117b884f00bd942e9acfe4ccb39a86,0.0
b6850b1c1115d0c9b530e57f444f1b96,0.0
6de9d7340abcf8c219a8a17f6ff65823,0.0
49aa1f0d25bb4efbac8685149b626e81,0.0
744c73854a27a2d47f0512bf7e31244a,0.0
8ecf6af298d4f7ddffa5216467781657,0.0
bad1531bef635c4f078758b4e8c1d361,0.0
69323cf39b6d4b92669e6a7d18bf4f39,0.0
219c885358bb151687922fb50c8d0b99,0.0
804cf804c5240d69ab72447a48974a4c,0.0
433c41e0152837bd6c20a54bfd8e7477,0.0
8af9d4d656eb52c7dd1bad454178369c,0.0
81a72992a963dbf181c2bda9375eee99,0.0
505a01b84ffe4ff48f0a09909ca53ab8,0.0
a6af6ceb01e93b2c71cd757ccccbb5e5,0.0
42a765653479f6d9ffe04c8042b66933,0.0
9f8afd855819d2642c041e47d0036d6a,0.0
f73d8c9e91e74c3f9d61b614db9d3efd,0.0
0ceffd291556ed2b1f5b6da20fee3842,0.0
e7ea42b86f76c646819d7948d096468a,0.0
8ee19d4e390a2d6cd5205776ec4dc614,0.0
1d2326809c932224f97569eb48a91ba3,0.0
161835860462955341258dd2d8c4abf6,0.0
0fb517cba29e7cb121ff4cb43e087997,0.0
aa05d7a5c77046052208baa1469b664d,0.0
9031646d01d6dafca9aa9ea7d92d25fc,0.0
112681b657ea177635bdc10dc1df3f43,0.0
fffd85c1fab731d0e01cd618fb84fd92,0.0
173832871bdf26e81c023769865f0371,0.0
dfa5e43760b75043f5fd95360a8238c5,0.0
289959d8a7feeabff79e6e1ec9ad4e5a,0.0
015565fed779af530d87ce176187adb9,0.0
a48a9d09bb61da5b29256472a0ea8ac6,0.0
240bb7e0efed0d8c884f4aa48c45a84d,0.0
1956babbf776f2bd0d4ef8951a503307,0.0
2453620fa296b8c727b90f8d9e4b54dc,0.0
e4dfa5c34b9017a914a5a2d7ec53b089,0.0
4e7964644b40781ac0e5d54bf52258b9,0.0
2ce9c6a4dc43e6672b1d20135bdc4a43,0.0
567e205dff7995d7839736866f6159f7,0.0
cc26e6421ca40147756e830a451ebca9,0.0
1dd1db62920dcea3287b11ff599337cc,0.0
50096896383b7ba25e427b14f06c7c56,0.0
cd5484dfaafc91545ad9fdcba14ce935,0.0
0e7def2ad3e73634e829b8e1f0da03d4,0.0
20a46546d850cd1e0261ef724e625f25,0.0
689bcb2e20099f21a49995d88e8ad68b,0.0
c23a41d09068a7303370dabb695feff1,0.0
d1e7e16066b6db4afa227930eb4bf25d,0.0
42c742a5bd9c80840d7fd13b293e294d,0.0
380709760217ea6b4170a5d30d42a046,0.0
05354681bdd9eff0d394f63f860e554c,0.0
7d1b14f3d6d38b03d47eff5ab5ed7e5c,0.0
c82d929f228db0f3c0775eba30d250b3,0.0
8cd17d91d91bc83280503648d7df73d5,0.0
86d29b1fdf79ba0c3c427a90340a7e3c,0.0
7ff2e129ed2fd620bad55fb0d467a0b6,0.0
8dbf4a829aa455a2dc0639a65649b6ee,0.0
5a48ce0b5a18d118d9e9b623081047b6,0.0
3d6b1e8fda5958e769045bdae49165a0,0.0
49205a8807c1959763be82a543e0d3fc,0.0
d5553617a542cf46910689ab80b1d823,0.0
0bf4f4d2c4c01bd630dc7829fb9d7d05,0.0
5d8c855b4916a170f7eb86683bd300ee,0.0
ca0c9135e641c1dda52c0f55011c8a27,0.0
8b10a190822e54f9c43515dbfb9e50eb,0.0
49425ef79d171994258b3ad26f229e78,0.0
5232ff44b563cbcf0cd4857f26768cc8,0.0
554c7680b3a9de06e8db284ec0c5855d,0.0
f423067ac72f478642bd0fcce34576c3,0.0
7fa26d1eb1ff2841fbf2cbe2a9f1093d,0.0
6934085fe520a7aedfec0053ceaaf0f1,0.0
1b76d1c836c530e20f363cdc2f700bff,0.0
413a39458d11eadb320fde4bedad8ca2,0.0
fdc895050a6f826b85558155d61cfeaa,0.0
d4925cdf44d71cc5175bdc0c9448ffda,0.0
e2ba6419ed5974391c90c660e3e6aae7,0.0
ccc38c971e933a17272d354da1859dc4,0.0
7b81bb9e88ebcd66b86f5cca08a7df6e,0.0
ea61ceb97471ff7762507eb62c84e86f,0.0
e2f67255ce2998a4da77446888ea4d37,0.0
f35c222357b2f60990804e43d0956b4e,0.0
3fa9658eb6f2b966457ae92a7177d1d8,0.0
c9c96f94a42b442d995ec442a1054454,0.0
9fef394209947a3c992ef8aa2d49de67,0.0
0d1d9c8685401bf35d96616063e1f05a,0.0
21f5d0ad8016174c3db3dc7d51330ecf,0.0
36e9da6f3c351577ba58c6959fc25350,0.0
52f8bed82d513e4e9f41f5be9d711c23,0.0
449be21189b449ca303adb4a8ab77f44,0.0
1244d889313780047e5eb58ff6212f02,0.0
cc2d31218ee42813abe9bd420aa4d2b4,0.0
5cd955a22461b53b79b3c7e3a711029c,0.0
46099a4609acd7133c52f07e30580318,0.0
197ca5537fc9e6bfba3233930a5ed3af,0.0
8f03ba0a342e4ba55104f0bb1f2a73e1,0.0
27926c8e9b4f56224ae840ddeceea2ca,0.0
9214644d858f00ed93c5c2b19f275ed5,0.0
c4034c615340af8dc81955686477cdd7,0.0
f38812116cdd94407b098f9c2a6f4fef,0.0
5d5ec1dc1ccd77fc8e0d81d695b7ddf3,0.0
8e09fa086954714000ac567505e5f3fd,0.0
a1069b19bfe863fa96015e3b6acb0ebd,0.0
2d999b7e426cee3e70f1c68e19b986ec,0.0
8a73aca644de90c62a1c8053fa299f99,0.0
5e46427bb49783173dc60ec0ed569b16,0.0
3e64d931f9c8103dc692425b7cf7c99f,0.0
0811bf6b0b6bb11a16af59cc9e1039c7,0.0
44facc3f08b94dd3241c7218aef88c56,0.0
32c1756d978ebbcbe787ab0144940c9e,0.0
a7fdf2d2e83c514f6b863c68836fe1d0,0.0
80f9e85ee9803b3280fe132e0ecbc3ec,0.0
4c0c033fcd98910cf6655b0d43f64db5,0.0
331688c1e8ff35dc13f524af0b25bb23,0.0
d5efcd935dc304df41075eb44ad7a26a,0.0
9da25327ffac525d9c9a12838c3d8886,0.0
b9947e72ca76cd9ca1a764528e021147,0.0
dd2eb45e7380464d598bcc0cede906ea,0.0
ab6d30e45cd05cc408a3c6ea88a9991a,0.0
f56bdab0466eab9ac596cc48c4b42c32,0.0
c6393bdaaf019e9c85af025029a7e865,0.0
bab2d5343fbd9ade4bd2bd08e2001ad2,0.0
16ff62564d773f1ca4a93b0d4cd842da,0.0
6c7ed99d7389f8585b64c97287609ef8,0.0
477be7972a569b58efee50e30159bc3c,0.0
72be19a6eb986609cd94966e95e15b99,0.0
a556d57aa8f355f456f03393ee40a035,0.0
71aff7e5b6cb1e501ec8e2630248016a,0.0
09759d4474799ba745edff92b7e4e069,0.0
d6d455b293b44eb4388ca00ff6d080d9,0.0
4ee15095d1e342d437294dbd7afa991b,0.0
296291e196257bafd867466bc05d2f9c,0.0
eca86e26b3ade93073b21c5a9f2a6489,0.0
b253daa1205346fae6b188f9b3bbfba9,0.0
781c15785c9b9d011559c197a4b7e8fd,0.0
2ff5411d7aef5c61197569ec2635f815,0.0
9bdf991d380039372b667df74a861dbc,0.0
282643640d8646bd0bdfee551b01a2bf,0.0
a532ffdd7f84cc9d1d5aa5327f095d2f,0.0
47b862df25d8cefedf01ebbde796ac8d,0.0
bd91ff61b43c011187949f28fc7a6e4b,0.0
56961afd679e8e77cc4ac0584b2eccc1,0.0
1946470cba455500ea3115300149c857,0.0
686fd70673e43733dd0ec5b7d3d6279e,0.0
1c186649a06d5eb21d1ab4ea6bd3acba,0.0
25ed64a3b40f4ddc3bd8e7402e5c1e50,0.0
d05a498ec8c66768ddc322df3a6fff03,0.0
659c020bb9cec24a658cd6e400c077ff,0.0
0890ad5b794b10a8fb239119e32dd0cc,0.0
5f24631a5bdd8d673c39850ee4227546,0.0
8bd0b8e5774e7344f1089d2bcabf5a44,0.0
3a81d73244a63eecc96f6c458618b6c2,0.0
e9686b78b59435fa970ae84ce24809e9,0.0
c1aaa2a6fe80be66aba80aee9e436666,0.0
4c401c4a9fadeba47f3690e6dd679ace,0.0
dd67ee334b0c45f63c0256813295a961,0.0
4932f755b197981bbf7fb2c05d58697b,0.0
18aed80e1c07040d157e3588239d00c2,0.0
0647afe59b2319b72f265464429ca60f,0.0
41df93b59970cd05d3bdf466baaca652,0.0
fa424a32e6edcc0d5501c6bebe07658a,0.0
091efecda2b1fb7569667e24de7c55f9,0.0
91bfb475cda1892c1b96f7505e03522d,0.0
3606ba590a2ca9916f86270f83ea1b04,0.0
47f2014a0ae2f313a79b29a0b9cf3136,0.0
015811a3bd8a45783fc62e21f25bab0b,0.0
51f061ce41c8e3daf702cd785162b5f4,0.0
197378733fad996524d2be216c83123d,0.0
4a6bc27a73dc74a3f0e44cced549765b,0.0
f566f03341f51fecde10baf2139cadc2,0.0
a2e051cb81990c3ff6e987f37433f7b5,0.0
ef0927907ee3ef49f5933b155d87eb83,0.0
847bd1b282f3a6964f90ef3c28ed9f91,0.0
449c29632a571360dfa7fd9a3a678426,0.0
97dea7e244d70104e7ad83c84163fe6a,0.0
b5dd05d5675bb0ee3cb23eef8564e7fe,0.0
c37aa2da08b0ae73d6ccfbe9e1ecdee6,0.0
3847014a3d998b5fed45d2fe9969bcec,0.0
a67584834efcb9fa4eeaed99bbd22041,0.0
733d5f749ed038354f1b84b50f5bf59c,0.0
530266594a9bf984b39f47cc7ae9d8fb,0.0
4b2ba26733d676afb2091cc4ef09a361,0.0
1978ae500e2025d733ef867d5ff49d9c,0.0
82283195ae6c59da52234167fab58572,0.0
1e819fb2996baf3f6f577f065c35ed68,0.0
63e471aeaf5882aa83effd79edd22982,0.0
e6a6c6bda4d9220e8e1fa2e030c6330d,0.0
02ffbff3bc0c2146591e9bd569c00249,0.0
d6b0729995ba4f46d464e1617be61037,0.0
86df89b31303f7df2035c3d9d077a5b0,0.0
a8f26e9292fb63d46589df79f75b35c1,0.0
80199e3673b219826ffa5e830da0f5a4,0.0
d218daad6e7287cf38da69dd0bbac5b8,0.0
f09581909bae74c3bb0c4cf9021c219a,0.0
7f49f6d8596d87c0d10b8936d9c35a07,0.0
df3109b85a74fbdfec78fe2eaa30fe02,0.0
3446a604e6ab6de6604edbb4e8c20691,0.0
a8b81033a0ff53eb7d7ff9300ab4018f,0.0
914f8c20b237cbda69407a25c64ded35,0.0
3e540852774426e389a04bf24882ceaa,0.0
dfb10fb36e75bec5c705e0e017514bbf,0.0
8c82e0ab290323fb7df312c72a792601,0.0
2a0d340cea802e155c3ee63e9a2212e1,0.0
5953ab2a9e750a09a6831c07a82c0157,0.0
02fcb5a5c74e927083500c62f0086be1,0.0
ac9e3ad5152827532ad9e693e50d22ac,0.0
