fa1b60b207ca10424d47b11c0fcedaf4,0.024344042
562731e7422eab7b3cf824714ef287dc,0.019689843
68f1b799d3c410320b9427fe07d258b5,0.019143043
b72f1f5f49815d3a5803766c1a383063,0.018855419
4ff41ea43eacdd642ec4642f08569489,0.01806281
f272ee0bbc811ab219058af71df81dd9,0.016508749
6f9f7c810a20d5de275915e835946b18,0.016427271
a3ed1cc4b71f4d8073f3ac44c218d3bc,0.015941104
e645bf303fa8c6386d237ed7602f35f1,0.0155708585
794e8123c6bdcfc2191d386b0c00b1df,0.014839798
ef66f646027194e9f1271ce58494d233,0.014816696
2dac5fe0cb4c1e278b5c79d13b27ecd5,0.014780113
dc44323060a96a2a372ebce272d5244b,0.012462548
c6e0fbc47e0a9da4f5427f0e07df444f,0.011577313
ccfc798c215351f431fd9b5a4f94a5f0,0.011513572
a23472579e90f7a09f1599cd827acd9a,0.011382068
b4b6efb26643ae99b1864fa96347dcdd,0.011276071
e3e90d0d074c888de3f23ad7ea356dbf,0.011202779
ce4d712ab9beb1d60092653c19f94b39,0.010803052
a5d266787de2ad069d8f088d1b59b12e,0.010540637
daf013c0818a88a2d9734e537a165d78,0.010316797
b4d3c6b2e1a6439a76ac9c2da7605f69,0.0100883925
f852c4dcd9658127451abf8e1322d20a,0.009660332
26beb3295e398c95d786ef5c439691e0,0.009544579
21dbef757e299e48bb7101bffd93a580,0.009325514
7c2a5a6c0d2f5b0e09e200c1b741b7af,0.009307532
1177c4dc08d22685b7cda797ab4515fb,0.008994462
32c0543eb832f95926441b2b5435e5f3,0.00881924
bed7bab256339714f94ba3282bf3c7c0,0.00871446
3326086960c2cc53c57e0bea3e12611c,0.008392314
fd603e1f0955a460d438a5fa8cd652d5,0.008381809
ef53c5d719298d40718c13a1365c222c,0.008306846
34384f2b013c55bfb27f2cec7a83509d,0.008304512
31bddef20a641c6983313f2c788f2ff4,0.008079125
d62c567106872a6d1caedb1891141a1b,0.007995319
59de8ffd1c9500ccd3406aadf742a394,0.007958685
790514fe711efdd0693472ffbc1bf988,0.0078828605
ef63210b495a2604f8a624c1dc463967,0.0074444897
8afc9ab135910c6571534c514e686704,0.007349127
6694ab6b11c1620b855d59e8c8e297d1,0.007314753
734116b4cc1641677216e2ab8e8d5fa5,0.0071714604
927a92ebf0d7f18dd813c498df11f83d,0.0069783623
790e72c3175f7ed4523819ac800bec99,0.0069275927
9f4966021a7710a70a1f06bc379e81a6,0.0068924027
7b4ba399aa3506a00366076889c6ddbf,0.0068513076
4dd6f34db0cc7da61491bc20dfe6de9c,0.0067545786
4a36a1cd4ed0cf27a8c99a1b25bb76ce,0.006662986
dd5840d8015b879742b04b031521b8e1,0.006615807
f8dab19399d0ba5f03e82e474f30e189,0.0065967008
6bfe71f580ccfa342a0ddd97cb0f4170,0.006578066
4e54e9b3e236597df914f81185bfbe83,0.006503985
12dbbae731a3ead289d7959509ea3ca3,0.0063449866
d05da9ef9ff1953c2a15d0856c11e343,0.006233781
9bb4bb9fc7431ed9cd04be4e8a699d5b,0.00622152
fee9d92edb4dcf51e6ac35e0c68647f0,0.006217386
1c2faacefc5c9fa7729c9a0986ae8b4d,0.0060999184
b72ffa303f3513d2e56891178eeb2bc9,0.006077954
719a67be80b009fa5227a4b81d1d27e1,0.005981842
dc91ed7ddfafb95a26d2c2967ebc744f,0.0058212075
8d2f9922877ac7c537a105a27ffdad52,0.005808367
71ffe16fb6ed7993af4a46b729823011,0.0057879565
6ca65b96bb3a1aa839dd62c7017c27d3,0.0053077964
96a9ff78389be697f2112512f55418b9,0.0052669076
8de19984345b3dfc6558a9bfaacb5800,0.005156428
f48ce3cab14f3cab3580964d9d30e23b,0.004984943
647b5a104895ddc63dbaaf0bdc1ff642,0.0049677733
9d3e7fd005afcefb032da8af6dd354c7,0.004917088
02d27e9993ed1a2cd8b1e67db7c52a99,0.004862918
8516244ad62925132d6b596fcaa54d18,0.0048511797
dc8b753e60c896b3339168c570c42414,0.004726781
b33ae8e52931b1d329d9d8d4ecac9645,0.0046692695
3644b0bc1ecb5d94f4b15d2bc8bf52eb,0.004601291
66296a9aaf30b05406251ff0651df48e,0.0044699563
9a0820af2c7ecdde38c01e0f0f2e1e06,0.004400342
2fef984171f64a741a1cf080eba96dc2,0.004294579
437ca295f944a9b42a9cf8d6328d924d,0.004189725
a9ef8dec661f9e99b02bb52c9441d113,0.0041463883
451a1da04b42b4d73e5ef2a8054a9598,0.0040668393
dc239867a9c871d0077b82bb72fbffd9,0.0040515857
c96ece571e6ce5e903c67e794bcebe8b,0.0039186045
e8d0041a6fb24c5485fac2780e80f571,0.0037130183
253db434e74b9cd1f60b8a7633d9e137,0.0036347725
2575188d2b79eaf43eb4ad5dbd14b27c,0.0036307145
d1801fd6f56bf89b8b704042618b2058,0.0036238977
f2344096c703fcfd182335b63d5a4e49,0.0035139045
48645283f7e325b651305bed98b7f1cd,0.0034954948
ba57d5da89f324301625e996fa390f6e,0.0034842843
9982bbcfb7d81f37266bd4b2e8426a23,0.0034628361
af0e37720ebdd576ac49d3176795b9b6,0.0034463676
629bf19518929b4eaff5b51c9edbc600,0.003431036
7529cc6d9808ec84ac5a979d620c1ff6,0.0033941132
e5d0bef2cf29066175865acc93e494c5,0.0033612999
3a2b6989426c6ce66e84a0c0f2c377b8,0.0033431156
a930834c011c07d8084b726ce84a1564,0.0032659797
c368e1a78fd20da8e2cc2ad7150b6cfb,0.003249194
ead1716183186d68e51392ababae73b3,0.0032154256
fc59113514727a7be6548d1c3b9a7011,0.0031914427
1b5a1502ccdf162993e05fd190f0e5b4,0.0031541376
9c7c35f0124b0491ea751a258d65557f,0.0031203863
40de80b0bccdfc11404278969fa50377,0.0031083478
5d013785e9ee61de8017ddd2a6ca4f99,0.002958505
158d9ddb313e881816d9e31fd1686377,0.00290187
a8dd1031c226c0a4f803d455d6fe0f79,0.0028667948
2a3176fb4f5d25bffd284b625a9c6093,0.0027707918
6d8c61adb1f7faa5f8aadd10eebac08d,0.0027604806
f496a75e4ace35ef8953319943f5295e,0.002731297
6d0df4136f47a8a126a13ae241de2a5e,0.0026159969
de29cce79b6a8ffa84b8c5e371b8627c,0.0025748056
88b7cb422eabdec65b52b08f7304b97f,0.0024948502
e1df1332ebc9173768cb1a6d7c838ca8,0.002481814
f10f5f1e2262ff18307dbabe6f6b4be6,0.002467361
331688c1e8ff35dc13f524af0b25bb23,0.002360969
960af8fef98cf74013ef52ab019f204a,0.0023059458
bd36de651f37421dd5eb02b3c72fad9d,0.0022691332
c8f7e73a2070b831ad808c6bd922ccc7,0.0022630347
56486d33d1e8af163a4b9c4cb675f4de,0.0022488493
9160ff100783e4b36dfd4d880bea352f,0.0022215105
5d57d8d264b6a8c87e6afd495e86b9cb,0.0021678808
548c86078066e35469e32acd671f1f26,0.0021433767
fb1dab94147bdbc01425520a7df82732,0.0021407492
363d7ab37789504b7842bf277bda876a,0.0021245496
f51ae71d1b1c38d038f095cbae9c4f46,0.002068556
1ff1a1af55c6d79e40221b9205735fa8,0.0020634516
c410b02d7ca52fc51ea3935204b223b8,0.0020605552
17e044177361bb89275e6749d1966305,0.0020019088
48a69d545980c6d19195751c0348b850,0.001975314
51c02d84b4c5e9e7b9f00512fd8c6255,0.001971489
2e948a9cb5d6dfa3795a366aba78c0e7,0.0019713475
77a4cd992216a8b9d08592c945559df2,0.0019619726
9ddcc3ced618a530f2d5bbfa0e463640,0.0019569627
0625afd54a603748c0362579cb33ef73,0.0019518859
49d13991d35ea5d4485c53436173fb22,0.0019509484
a3aa7688adc98129b89b368ea18639ca,0.0019263384
4594c62a0c175c087cf05c26c2fca2fb,0.0019178662
6382f2bcdcb74c186a0c04bc7f41687f,0.0019104698
dae9a35d81c172427fc003732e2c8097,0.0019039197
0f903fd2969d4453d34bb93c5659d816,0.0018774467
e16bdd520a0c13db352acb24964028f9,0.0018485155
61127018e8fd207ed628b01d05783970,0.0018287523
f2680b475fc6ba07079de7c40dc63eff,0.0018219182
b9fb81240549d745c9bb04f6c3839d04,0.0018108748
65225636b22e87238d886879811004e6,0.0018104746
8480394458ff885c71a30f2e4dd38708,0.0018036957
7652ce80faf2a0ffd9bbcfa4ca2cef7f,0.0017654672
5a9c468685e92d1e43f51c018f611b4e,0.0017596375
032c1373991c5e68076d13123a534ac0,0.0017574321
dcfe47bcbf2652f9ca01dca3bd434261,0.0017261864
514b6fbf06ab35f2bf62cfb570f4e1c5,0.0016951624
81ca2b3767b441c85d44d95c08386b06,0.0016560246
a01dc91c88374dbf7e8ce979c95c412b,0.0016044345
77c3def035c4b5814b677ff6796972ac,0.0015768221
7bfe0e64ee4953fb134aa590d90c9861,0.0015757169
f3da8ffe508ba7f67079e6ca590a43f5,0.0015656847
814c2da637815aa18048b33714770177,0.0015648714
cd2448ab63c575627999491020409159,0.0015179456
2d85c80c97d815a3bd9e40021f1c0d2f,0.0014842243
1c324909731ccd9d1dad533e192de46c,0.0014801049
e5edb6247daaf73fe788d5ac88c73e4c,0.0014724116
4e2fdbea5557e69ac310ef00634ff1ad,0.0014605215
acd9053e5d52b05b91dea06097fc3e93,0.0014315718
5dc018af1a4a462dcd8156bf8abcc1c7,0.0014204762
29891b648dbd4991017c137a906e3a03,0.0014034645
a8afae2a596401ea61570a978de7f3e0,0.0013959499
35c3c28c08d59b8f7f8d2c07662eae65,0.0013889862
6ea5289ca49ddfa7750f96bf3a3d6a4b,0.0013864124
ce862f140308782b7833e2c4405f9e42,0.0013841671
2bee159a6cca80377a0ed06f75076eff,0.0013719682
928b19fe4cf46056c172686fa7499e1c,0.0013714279
df2ce18a281ce4778946543786348c68,0.0013410448
6c4fd1d95c08c9b7956d69f18250a176,0.0013344747
0ec7ebe2185e6fedace92df4c732a35f,0.0013270299
db4bb253a8292d9ea38423593541475c,0.0013255121
38bca48f36c4d667d2fc0345182030f9,0.0012945784
2079d3365e02cdae6b68524613274644,0.0012719597
16537b253c1190f6c0aef268112ca92e,0.0012576495
d16fd2ca36b0dbd9c0246d1f9baf3d6b,0.0012550546
9d2da0c995b79ab67ef115df31182acd,0.0012497301
eab722c09880cc2971478e7caa403b5d,0.001236823
5447f3b01de7fc5f0554bd64821ce59c,0.0012211422
af7001b9fed143367717be683e73a19e,0.0011765463
4ce7ca3a3087e9c563a64893e7d16ff2,0.0011535267
a6d2b9696f63e909b957ea8af3a7390c,0.0011440626
e53cfe56f9bddd232c99210df5de46dd,0.001141418
9b7443b0a99ef6d88bb5fa5462743656,0.0011407662
04667530013ecead3208851c08f660d8,0.001137963
4199ed2ae807844d98051c0f65a559f5,0.0011278705
412a03ccfe7901eb0614f124bacdfc01,0.0011250334
849f017dd28d5b8fa23cbe7d538ece90,0.0011023832
16f77ddfeae5d5e7a9847499fd5448ea,0.0010808039
9f3c24a3fc1057514f2fa777f06c1000,0.0010720936
6de15e8c3090111b869f35b70d5ef633,0.0010453259
2f9f3c3fe1bd257a4d9270f6ee884926,0.001040309
df6d9444b5e57e81058d4b66bd15e7c1,0.0010267226
39823b35db2b5e1cfbf567193c9d540e,0.0010244302
82b26db3b340505930fbfb8615e012dd,0.001024174
a3e4249c8821c9e3e6fad610a9dea7ea,0.0009990239
e70c57273472fe00ae32e60f3490d9ce,0.0009743343
1a72c36bf160e43b1a124aba9124455b,0.00097071903
c83d4fd3c71723c964ef5330bc50788f,0.00092771434
7159a50214c83a9c5e96823f353d906e,0.00091266795
c23c92d112acbebc14227ce81d5c7ec1,0.0009113358
19458c0a111ae38439e96dfbedf4f3a7,0.00090616837
c6fd9173b8dc3367ac66e89c7d4ce66f,0.00087662396
c4f647a221c738699d7e7288cc6a6c0a,0.0008580563
ac9bfcbbe1d11c485ad09768d5a97bee,0.0008443881
1446bfd420fc3898ac3ed676bf28d6b6,0.00084245903
66e6a853b46d531d62b47dfc7c97d3a7,0.00083615974
1cb66b4dcf20b8a4b5be70fc946e328d,0.00083288655
aa307a351a85ce2f3da2b4c1bfda066b,0.00081932364
1d7bd554b14b27c8c0a667118a5c7ace,0.0007848484
3ee2fe1874b93c7200a124dbea941810,0.00077437493
788d15528bb95a14fb06f2ce3df4644b,0.00076267077
656a7cffe81578eabf8d169c6a3ca878,0.0007578167
c086900c24b8a2e4b77bd9e068591e0c,0.000757415
450fe66d332bac6c997ea19499890a62,0.00074836554
34591b176b8a43b00fe4b1358124e477,0.00072495965
63f64c42905648ed21b70153ab33564f,0.0007071173
ac98008f56a14f8266074f46daebfadb,0.0007006785
12f79faa7fd4c641b0570208feffe808,0.00069793774
c626e1f503796523ee22c3599e7f5cee,0.0006971565
ba8a69296f75823b5292005ef7032e2e,0.0006794779
593ec77c8bf02e52de1409bbfb554f10,0.0006787942
70f025d8d12fde4e3e5c94a8479b2b99,0.0006783418
e82bad09d82dbb1f9d99aa9c293dc5ea,0.000677248
0d58095491340aa5b525784efb83fb8e,0.0006640737
e81d85f241b1b3d51d8e93c957d0dba1,0.00065493665
a9ac44bded07ab107f394d2c6234c17a,0.000653401
737c657ace72b351fefa05624886f60d,0.00062853115
02ae76ec00cc76c5396c17350cf711de,0.0006197479
3b35b79329332e3302151d47d8dfaa13,0.00061475666
a4b06474060bd4b6f2710b7d5200c9c2,0.0006033139
b6a49dd8b2781db30509c982247aa106,0.0006029016
613a88e31272269532542196b6d3c801,0.0006019991
2e7c8320cccfed8e873dab6e88960cce,0.00060011784
6092b873481d576ac15f1c02d2c6eef7,0.00059509865
2d9eea7e5dc26eb79e7420a5e6823ea7,0.00059392373
d2c26f0e20af37de925943db70b853d2,0.000576745
bc8fddacf89b0809286e45e3db582640,0.00056885
4b1a7586b30ae1b3d660cd8f3e2db718,0.0005661536
f382b52502800b0c71c2fb7ff8d34d3f,0.0005591929
ccfa90420fb69a3c38b32218d42b4a85,0.00054316723
d491455d217287eb35ccd5e4fc79d8df,0.0005377717
f1b29b998bb644464f4ea7c413a91f63,0.0005335614
728a74bd753567488e87802d5cabdda3,0.00053150265
83a417ceec3f4692e65b974f406793c4,0.00052069203
ca2f693b69c884cc68124fd4660bd2f2,0.000519801
b93d29d62c7ca36a8543fb44babbc8db,0.0005195854
55ff7f2f4e2c95963b098d7b07800ea3,0.000517454
e33e016585faa9cc5d97825843de74d5,0.00051046006
4d1bc44dcfcc67a14390f5a2af1273ad,0.0005012626
bf0d22ab451761bc9ee9e2e648b1bff4,0.0004953391
9941e6a586fc2013ec72729d7f82c3f4,0.00049209024
5af228cb14ceeffba477fe05d2954d61,0.0004899798
662979c76aceff0791fb86729ee0bc42,0.0004788283
449be21189b449ca303adb4a8ab77f44,0.00047740483
ca8f02647d99e4d9511726864bb85518,0.0004773358
a2827f0853cc08719ed959f437670dab,0.00047611888
19ac36f8fac9a3f8f82af771f7801995,0.00045056187
9edc2bec07201451102e84cf2d599e85,0.00044619082
3065647e53aeda9070f5096de22c75bd,0.0004457789
dd506dbe962d05e53d65b70a8038f0ab,0.00044325818
90afa11bbd25fee8478ea53bd978ea0b,0.00042728218
a48a9d09bb61da5b29256472a0ea8ac6,0.00042685925
d70f64b71867b2b07f83390f2fdf50ce,0.00042166628
f04a304ca96b1b6b679c4dfb2080c0de,0.0004132224
bddd598aaeda6a2c9cd23c92789bef50,0.0004123537
cd10877ef22429f999ed32de3ee44f1f,0.00040356387
2e42d9ce0213603a0eb29ef98db0bd1b,0.00038045726
a0d9df389e7c23a150c41f50571458bf,0.0003741772
99cdb5997c2d3ba9cdc1fde3b7eeb8ca,0.00036806852
df1e69dd7ea34e8851f5affb67ee9c5f,0.0003675802
28f5f363d9ec49846864c80f4a594cad,0.00036014168
30978e2a19034984a664f19a84584811,0.00035615667
e4bd522ed529b400eab4dcf8372349fa,0.00035482476
7d02b549c92c13669d2c919927ac30ab,0.00034883924
d2da1e9f43088bd77794fb3cd210f5d3,0.00034310517
c4034c615340af8dc81955686477cdd7,0.00033990684
269cddec16d6312547187ef26c14628a,0.00033955066
a70f36636146b9594dcc21839e7dcbe4,0.0003216269
15ae5e28e09f70ce93c37cf0f3716f21,0.00032159948
0d08683bc92137e661a06fd92bda210d,0.00031484157
51275f421ceddfed9617d9dfa83153e6,0.0003091527
760c2f1938240e8231c548b9c47e9230,0.00030822688
0785b14a24d38cfb2212da031137d911,0.00030587387
ee9a4d0bbb233943b33641863072f9d1,0.00029938066
37aa77687c3a555bad8e4379b77fd104,0.000295173
d4c69b3544824fd9f02d5b4493ccaf04,0.00029457168
ddc2071691f9dd0fb161d2a00b4264c4,0.0002911224
9fa778134e1ac8c400bbc13402d79d5a,0.00028451649
d859b93b57c09f2ac43012d5b1c00b87,0.0002787903
eb049cc340b8c20e52512a05efd5a8be,0.00027380305
cc2d31218ee42813abe9bd420aa4d2b4,0.0002682422
de4e44fed2308b3af72d75fd822079fb,0.00026408478
103c6abcce39d558c3dae25ed2834ebf,0.00026217365
69501c852ebddc19a3396272e9fd4ca8,0.00026026816
026ad291bae7b24e5bb46ef83829e628,0.00025162482
e6be7ad473aa81b7bfda48d0d6d298db,0.00024390001
e9db2f901f4775c879e08d17554e5d69,0.00024302985
0914086f1661a7c30264a20b6671c085,0.00024110968
e077691ae1f9d5d1ee20cd5a673b1f5d,0.00024048067
2036200e8f5c134880b761797d3087fc,0.00023897458
a735d88394e79419a314dbb13d0550df,0.00023626447
96a0538936029b52ffebaf4973cfef38,0.00023557732
00a184c4207a3c9d3fb5eded6cdeefe4,0.00023302021
714075f0b13855611fd5a1c93062a200,0.00023087092
6f7992d439967d2708d3cd9a54176bca,0.00023032166
5295213c77290bf57ce6bf685802c706,0.00022761356
6bfd7d4015a06917400716a2ce8cd26c,0.00022657555
1e0a8682f1e5160ac9ae4f48eecac963,0.00022549018
9cdeb31494fcbe79bc21319cc76d6ffa,0.00022362394
6d19c080d1d278f6d6bbb28a02d1b521,0.00022113281
a467af40466e895ed410a07382f2523a,0.00021636042
fc98f6b7e17d4afa3e8c1a8f63843881,0.00021273093
d1449287b234cb37e469f9df4b239143,0.00021250446
b253daa1205346fae6b188f9b3bbfba9,0.00021201133
74d628fbb8b56e3a74ce9fad6d6c9a61,0.0002115393
c0b6812008ba62f8542f21e52c4d0b6d,0.0002112941
5a723bde0b0d738eea3659749d0f9804,0.00020296674
fd53de92e75bc7b8a9941a2377503350,0.0002003571
240bb7e0efed0d8c884f4aa48c45a84d,0.00019821164
0349353caafcc6f133595b60580832d5,0.00019561731
5baac85ee44737b548f650c56196671c,0.00019460014
5d8c855b4916a170f7eb86683bd300ee,0.00019300297
c780ae26da0c33f9f904be8d05d4f1b1,0.00019239001
9545f740c8ef48d1e8623b0c63a0f4f5,0.00019199795
d79dc76a1b41ad3ef4026be9c746bc12,0.00018687242
13476207c9e86b050737d2f6fd18aee4,0.00018647876
e9de235a3265ad4cbbaea62621a30cb6,0.00018543954
7e9ca6bcbf7711d6dacee8a346ddbab9,0.00018415992
e0076ac7aed74faf3e2c21222474fcce,0.00018300557
d168a291528571f4dcb7875041588e8a,0.000180938
5033ecd4c49bfc54c896ba95e40b9d43,0.00017919783
5ed7e996371e5ffe197562a078dc51d7,0.00017850188
83b8a973451c61428653c200e45ee928,0.00017131858
8e20e9da1602128e5fa927139947147d,0.00017106274
e582d725fd61ba495e78e9bf437088da,0.00016560833
99daa99e83164ce68f793824a96433cb,0.00016218708
41554408a6225ad130e61942901e2d27,0.00016156211
b98c12be34b70028c97a74ee3bfa5be7,0.00015921117
892ac5b1f527a70c06eb2e39b0110d59,0.00015907247
f5483e3d3d4369cf128345bcd3cc3132,0.00015835323
9bafa8f9062e9c6341d2a3a80d8ffcc9,0.0001555107
d05dd1c3863561dffa5b8762d9f79009,0.0001483427
17f333d46b1e1f7ce98a939b13052a9e,0.00014539054
3a74a30f4256296178a2ad1730576725,0.0001411195
0464daf03def1a4e3b7d5b87ef72fe9a,0.00014051929
f981b74ed0b8d6fc15bc0a43257fbd38,0.00013881328
41e2013724e8e590b663aba10051b944,0.00013850439
4c73d608dd2a4c31a209879225b5481c,0.0001350377
def01bcbd8bec3fd5f93c396b1e09b3e,0.0001334475
d9825e7e422f8b3307f169366ed780b0,0.00013234784
695d7ec7a319df4aeb6480de4349b661,0.00013169512
cf1c74a0fe967bacb3e9290b6703baac,0.0001280589
6775cfc88cf98fe98f31e35bced4aca7,0.00012786401
8e80bed09e4b1d2a7ec0dd1fa5886c16,0.0001256448
94062d2063633b136f68018e914fb613,0.00012534289
c1777dba6738a4022b6ceef6d0f329e7,0.00012503786
6a530e1f6fb51c460843d70449f4d624,0.00012436855
a2827c954a2c68e6df998e5911668cf9,0.00012421148
db23b596eb744cb010865a622628c2bf,0.00011883542
a3fc15c26c79a6277d819dc0d2aa6b99,0.00011838463
20b797cc860981bb45787a1b2f7af486,0.00011805117
308ee6890913d5976a88a05629dd15d5,0.00011704579
4d17f911874845ed9f5cf91024279489,0.00011622992
0bdd5d0d3945fae90cb5b965ee8965c3,0.00011459313
6217b44c23d6849662e50c5c18f92b37,0.00011141321
a632bc27f6f43dd6871120a0350a6f22,0.00010967664
77abb69b114f629457175c91d221a387,0.00010899182
93ed72acdae70ee134ce6bf503d0dcd8,0.000107315944
4325a3232bf00845796eb4a17e685924,0.00010576496
5e21775f47c52ac88ece3ffb83b169bc,0.00010524947
6153f085c7a4ce9defa720b761bac61e,0.000103318256
12477dea40ac4ee46488deaddc4b1c17,0.00010080895
0d8ae8b16d47ce35ab27e62dc056fc44,0.0001003986
3fa9658eb6f2b966457ae92a7177d1d8,9.997782e-05
a5dba7de72caf801fb920934ce9b2a02,9.8813085e-05
42970576967495f6ff2ad09e3c12b862,9.8082106e-05
a1069b19bfe863fa96015e3b6acb0ebd,9.486583e-05
a25955d564b808c62857ab39bc0958a3,9.475878e-05
1a4994bed13815ed401d43833c6dcd72,9.413927e-05
5855790a6badf4dcb21208da98c1e853,8.8834524e-05
b5ecc3e4b8bdce7360e5ee9551022d57,8.8730994e-05
3ea30d475e26c39527ac2d79aa5db085,8.786065e-05
06e991ee36590404f8d6f18e8338a4db,8.757435e-05
410d1975ca29bdc516b1609084ab2af4,8.728718e-05
75fd312b5f9ee9d50f139118a2a4267d,8.712269e-05
674ead2ca9392408e425c780572d9063,8.597394e-05
ce4b2847bef0522cd996021a51eea3ab,8.515654e-05
32dffd171435056f70d0ef447cc83f45,8.387108e-05
24ec4d34b8c2dad0128305e599ed6bc3,8.3778556e-05
89181a27f7a122f3e07ce21a3a2baf59,8.2917955e-05
608c59a85f1d04f007fccfd1f2f9c708,8.243073e-05
e2282b901ba50b440c21bcddbcfff456,8.172452e-05
1edd1a14a6cb0661cec6b3456c60c684,7.6541655e-05
a68e0acc6b95d54ad2be7910910f484e,7.639884e-05
fd2da4eb330791977d2ad7fbb37fa37d,7.636369e-05
8f03ba0a342e4ba55104f0bb1f2a73e1,7.143943e-05
2b39f78780fd5a05ca76316ac29b08c5,7.0258466e-05
81a72992a963dbf181c2bda9375eee99,6.968725e-05
ae15b34d86d963874d0dc1ec19a008d8,6.9642294e-05
fb5c5b8e82d53051c2c2e57af539575c,6.85246e-05
a532fe36976972c6af31b97c4e56eded,6.796294e-05
ce3086f5d5ad8e3cfac850202bb6d595,6.605489e-05
ad492160ea3b03b1fcd7d2c4b84b65aa,6.512574e-05
f0d0c514534a36b1b79215aaf70095ad,6.410979e-05
b21bd1007c5a696ea49dbb4818d743fa,6.3573614e-05
a67584834efcb9fa4eeaed99bbd22041,6.336958e-05
3da434ea352d1c439a6b8ffd4455a34d,6.283514e-05
c281440e1b18e41f67d937615971f377,6.1728395e-05
9368c2bc15265cfc01b32b037a03e8fb,6.141258e-05
1c6b81299c4f0857dfcddd62982e466c,6.0975606e-05
9164779ce99b90eca215c38289273cdb,5.952381e-05
fac14326d65feb093e63fb5e6382fb1b,5.9171598e-05
8c82e0ab290323fb7df312c72a792601,5.8139536e-05
7a7c240aebeb679b8daf8c5e4534deab,5.7352438e-05
62f4609b2b21cbd07dff71704a6db2b1,5.7142857e-05
dfb10fb36e75bec5c705e0e017514bbf,5.7040394e-05
d08732f8eba9a98f176da18e43753829,5.677386e-05
1dd1db62920dcea3287b11ff599337cc,5.6345183e-05
ecd50a6bbf9d259faee61776e08d3bf6,5.534886e-05
992465de726c4ca738cd8f4fd040e41a,5.4347827e-05
09759d4474799ba745edff92b7e4e069,5.347594e-05
a4707193d06a3bb248f16b6ac1dee129,5.0505052e-05
22675b2431b2414698687ead1c9b1281,5.0505052e-05
f423067ac72f478642bd0fcce34576c3,5.0505052e-05
e122c7f5407bfc8ea9f455871d625210,4.901961e-05
bfad1e15dfaff9e9799fc316778769ea,4.854369e-05
d62a272e3442301761d3a9deda7ad38c,3.937008e-05
46099a4609acd7133c52f07e30580318,3.7878788e-05
a446edd7d738b929ca8bbb91efd597ba,3.690037e-05
aafe768cc6ce716d7a33c2f057e970c7,3.6101083e-05
b3f4ff3d7a30c55ad7fae90cd79a82a3,3.3898305e-05
fab80eaf5be9d21534f2f1c844820d55,3.2258064e-05
51f061ce41c8e3daf702cd785162b5f4,3.0864197e-05
1b17d5d844cecccb0dbbdc56fbce79ce,2.9940122e-05
52376719d53e630e5d0318d1f27c11c0,2.9940122e-05
04332ae638725c7521cfb7dfe37fa6e4,2.967359e-05
2d6569f321f9addd532b5e638b0f0185,2.967359e-05
ef62c94c4467529d63517e71dd954b51,2.9585799e-05
cf272bddf6f4459985d6733e2b96a578,2.9239767e-05
8ef85515b47028255ac48e97e362de8d,2.915452e-05
60532133addc9106958f7f162197f356,2.915452e-05
9a37810f43308a71d3200fd91b313bf0,2.915452e-05
21f5d0ad8016174c3db3dc7d51330ecf,2.8653296e-05
17179070e45798a9dfd252303b53484e,2.8653296e-05
5a40ff80d52001ef818e0210857dc53b,2.8490029e-05
7c0459d2fcea7c1215c7b9ee9425f113,2.8248587e-05
4c96ff2a15f533d50748a239246afd26,2.8169014e-05
41d27ec88155e6d815a1a800b548e042,2.793296e-05
fdc895050a6f826b85558155d61cfeaa,2.7472528e-05
ad49b5c7d62737d9fd9a8ef9a57a3af9,2.7322403e-05
9bf2e3593f3c88384b5c28c6fa879349,2.7100272e-05
6d26762e6e18bc8a49c9ed588fb1d871,2.7100272e-05
bbb15b0622c3af802efa34bab94b38d2,2.688172e-05
9493cce49b2520c23e55aad5cbe17c7f,2.6525198e-05
d0798acc2f5a66d9011ec440082939e4,2.6525198e-05
5c0a5f97de86b566d78e18e6ad20f546,2.6525198e-05
dd2eb45e7380464d598bcc0cede906ea,2.6525198e-05
d9bb2b29966a1f91d35c0e8ac00d3205,2.6455025e-05
8ad24e7b3cdb0a8a510a2c9debe1c94a,2.6455025e-05
53469832f6dae320d8acb0538bcb1c45,2.6455025e-05
2b6f7f6a74f45b08a18cad78b2409c71,2.6455025e-05
c198e9db7b8d694dacaa17737e4b5ab0,0.0
94c11db153c6a0169e28b10527d0a143,0.0
37275f491dbd974032aa95ba2d03c174,0.0
315e73c9ab95cd09737e6da1ff0e927e,0.0
d5efcd935dc304df41075eb44ad7a26a,0.0
282643640d8646bd0bdfee551b01a2bf,0.0
d8ee229e8839c466f02731074e6ab594,0.0
f14e2a429f5bef78452355293ec895c8,0.0
249d86817fa8cf9ad424b46fddbe37c6,0.0
d7a5b53440b04850cebc46060a390c77,0.0
d49a3df01e0d6a6779a468438fbd3ab0,0.0
80f9e85ee9803b3280fe132e0ecbc3ec,0.0
15fdb1ea4b5584e70da03a96d05c8068,0.0
9da25327ffac525d9c9a12838c3d8886,0.0
b9947e72ca76cd9ca1a764528e021147,0.0
f976d29ee35e5260f6ec22ea2772d27b,0.0
5d493822f2f784f3d122aecc6b937baf,0.0
b19f0c5670332d6555fc44e7f554112c,0.0
ab6d30e45cd05cc408a3c6ea88a9991a,0.0
7f4ddddfede6c30777ec54bc87bfb233,0.0
c6393bdaaf019e9c85af025029a7e865,0.0
92e2d413b943d5360ed03e2953d1afae,0.0
2e10d1d5cc119d570a6d429590578591,0.0
b60fe9dd3b95060646a25c09f78bc1b5,0.0
b21cf5c484d30fc7b73e2c635429e5df,0.0
16ff62564d773f1ca4a93b0d4cd842da,0.0
6c7ed99d7389f8585b64c97287609ef8,0.0
b589501558588b8cd62811fcdb83d40d,0.0
eca86e26b3ade93073b21c5a9f2a6489,0.0
d36a574c650a105c0dbb823384cf6529,0.0
621c2dad5e8e18a0407498e527814d10,0.0
1d4bbaf6730f85734c01f8d2ae09f0de,0.0
2b581a7b1695d2e537d189498c874429,0.0
34e46f686fc4adc272311832fabbdacf,0.0
9bdf991d380039372b667df74a861dbc,0.0
015e990f6871e03c60b714fd4a69deff,0.0
6a15f56cd6838e92fca11fcc415dcdbe,0.0
2453620fa296b8c727b90f8d9e4b54dc,0.0
2afd4efa342d79606ea2cf543d7c6233,0.0
6cba2535688457e46e30327fec6a6f3e,0.0
c513f16ac66a1d4f29d1cf8d585e4346,0.0
873ba1daf7faf7bd734212c4873b14e8,0.0
5dcc77b06fa53bd0a13a40ed8dd1f7bc,0.0
d67c0f53b35d41a04ec4d03087e92aef,0.0
1c186649a06d5eb21d1ab4ea6bd3acba,0.0
25ed64a3b40f4ddc3bd8e7402e5c1e50,0.0
56961afd679e8e77cc4ac0584b2eccc1,0.0
659c020bb9cec24a658cd6e400c077ff,0.0
bcc19fcf71d658e4a0c77a9cb784c332,0.0
0890ad5b794b10a8fb239119e32dd0cc,0.0
8bd0b8e5774e7344f1089d2bcabf5a44,0.0
849e5070f6f64fbd50bf8b174a323d5a,0.0
678ca9255c5596b30b5cc709d45bb508,0.0
59ef00899a28e3f3736e77c3a7df8d05,0.0
4c401c4a9fadeba47f3690e6dd679ace,0.0
d05a498ec8c66768ddc322df3a6fff03,0.0
85c8b74010265bc599fef22580092450,0.0
1139c7d8ca2122137259178cbb0d1ba1,0.0
0d441ef1fdf9eff32f0ec507023dc977,0.0
46e6a6fb5c6a702b1a6e2ec5e495e45b,0.0
fefd1850f25bf2a3697ee1570d558d33,0.0
8ecf6af298d4f7ddffa5216467781657,0.0
625dc56f83adf041eddab16f627ae8c9,0.0
64c6cd34b9f9fc65c723df5be9cc2cdc,0.0
ee93afbe4d12b385f714fe517481c3c4,0.0
e5d86732c510482ee979c8711bbf2261,0.0
e6b49558d04139b2016f2ee528b32c5a,0.0
79923e8a20c2640779d27f41a02a23c1,0.0
11ff95f1ecab237b965a476f36288c68,0.0
e5039a39c06031e80f9229094fac9bc2,0.0
72e0c7ba58989bdcca70183c63b7d2d4,0.0
c00137124b03a7412e8237cb236e14d5,0.0
3b86bfb9eb4a94079e6ddbcf4b20cd24,0.0
2ea9e1231f5f1aff4523853e1427e809,0.0
ee69af0fce8330f0150ddb96038557cf,0.0
8f75004689ba0fef4665542e4eb18afc,0.0
f1bcbca4f350dd21dc789bd20ec3ef30,0.0
a6e7ad98f80c5bd3e0f76599ca79610a,0.0
8aff325e27d9db8365cc8081f1a78643,0.0
208a6eacd3dbfa1d751d8708402b82d9,0.0
661ddfd912b64e06f159b775a26193c0,0.0
34160086dc1e712577dc855fe4a9dd92,0.0
785cdca1d49d30cdbc6b2b3686ff8c52,0.0
75a96a321ad284accb16635935b05464,0.0
0eadecc17a6ca0eaacb7bfc9621bad12,0.0
69a8d8fe5e803d3fc95187fcecbb328c,0.0
8086f796e97dabcb1118d7139bf5df2f,0.0
da5e13ec39f7bb38865706d33b56ad86,0.0
69323cf39b6d4b92669e6a7d18bf4f39,0.0
bad1531bef635c4f078758b4e8c1d361,0.0
744c73854a27a2d47f0512bf7e31244a,0.0
d4117b884f00bd942e9acfe4ccb39a86,0.0
7f30a98dfd933c50d0197294cb04fe7f,0.0
1693094142ef456e58fd682b2af0ef65,0.0
15f54f4f4a65071c4f70554e37075c64,0.0
7adbe0d015e08425e7ce4c099b12f806,0.0
8bf7a643af6d5dd1a9a640ea57847994,0.0
cdd2c6bcd0ae4bb78c17e4d2f56bf1eb,0.0
f3a872ef62a48aa520240bd88728d099,0.0
26ee7588fc2e0aa561f5e49ae4fb2650,0.0
f0a4b97c6e334ebd7f7fd53bb043c2dd,0.0
4fa56ae67ea9db0c2cfea14377beaf9b,0.0
d83c79018eaa2e28abade0608607f508,0.0
6bb21def13f1cf00ebea0b002d4cdc23,0.0
05edf2b8d605089c0730a4b4ee85112b,0.0
de53975fca3cae245e7901cb5cbc19f8,0.0
e9be272eee560f81bc9d84178360f7de,0.0
241570276c4ae50a2258a6388bc179bf,0.0
daa3032bcae04dd23a7c65a9ec512b80,0.0
9aa9ce32bd6bbaeaff0df8ee3e47f655,0.0
32001a70f179eb833cf299e6a1c5475f,0.0
3cf651089e72c01010795c7ab8906b77,0.0
037ccafd3c82cf441dae3bd54d33dfed,0.0
7b26f45cefbca59bdba206e8b001ab94,0.0
9d9adbbcc5444e80f99bc3b240b6240f,0.0
ad5bf0449dd7ad14129987ece2679119,0.0
53d5dc901b7ffd21e497e3dcc0f2c45e,0.0
b6850b1c1115d0c9b530e57f444f1b96,0.0
6de9d7340abcf8c219a8a17f6ff65823,0.0
49aa1f0d25bb4efbac8685149b626e81,0.0
1cb763bc912d7bfe46441d16aa525fc3,0.0
82fc1459bbb5e024b2c77f445c2a9930,0.0
7196ea69f5082d2152897e0b53695000,0.0
720237d9e13dc897afbc11815bb65e9f,0.0
544faab9ad42fd4e688f6124d04961ed,0.0
8a914b1c4a959bd68af7c59ccc538fe6,0.0
fe01af1d681747a45d64ff32dda9fc7b,0.0
2755ec2ed6b2f21c7487f77d0a334a34,0.0
1ce4d36656a3c433d0b6148a380d8130,0.0
c080b6a348f9a7b3b2ec847664e1e241,0.0
6c9ff2fe741124f92ce7a16d91f64c68,0.0
a3e49d3d91b010ebf3a57843df940138,0.0
c54ced13744bd40bf55508edc3b05645,0.0
545c5b2ca7aaaa9d5fdbd4daf7dfeb39,0.0
e5eb303a54145f783a5c882a5da07ec0,0.0
7a925e9a166af78e91a2b81e1d0a1d1d,0.0
5a59383c9b9e5b39eba11b092cb6f3ca,0.0
96ce2037acf37c59a3dbd836673bc1f8,0.0
51a18735af0dc22c84f325a435dd545e,0.0
ea7c575600b55fc3aa0b0b800a8b8de7,0.0
8ace1c11e2b87d8fcae360e8711a93bd,0.0
40809f0fa7ab356f3988ad85550d9998,0.0
32be31469d4955656e01849c2ff8b9a6,0.0
27ccb8f9345bf052bc162b8312db19bc,0.0
7bd7c808b93243c45f2207e395cfdc65,0.0
95403dd7cae163a1be2b0f90a42e119c,0.0
ce13cce5669efeab20424cbfeb934ba6,0.0
23823b2102ca1fe671329562973ba870,0.0
178b2c82785cae18abd154964bd5343e,0.0
36ecdec49774f95d9cd7aa084e854e46,0.0
eed325e02528b46880fd423bc5c2648d,0.0
219c885358bb151687922fb50c8d0b99,0.0
e104be4a03e7776c2a8d090f0ad5c4e8,0.0
76990d67d985b2d80edb7ff7226dd5a5,0.0
4a28052a6e6e2b0ea0b8b8dd223eab3d,0.0
606f9d58f7fe7717da494fdfa310c54d,0.0
0bef96d08dd25928eb8f4c3d717c8e2f,0.0
df3109b85a74fbdfec78fe2eaa30fe02,0.0
c2614a9f9de1270cc7a7550702314bb9,0.0
015565fed779af530d87ce176187adb9,0.0
fa424a32e6edcc0d5501c6bebe07658a,0.0
d5553617a542cf46910689ab80b1d823,0.0
49205a8807c1959763be82a543e0d3fc,0.0
91bfb475cda1892c1b96f7505e03522d,0.0
3d6b1e8fda5958e769045bdae49165a0,0.0
3606ba590a2ca9916f86270f83ea1b04,0.0
015811a3bd8a45783fc62e21f25bab0b,0.0
5a48ce0b5a18d118d9e9b623081047b6,0.0
197378733fad996524d2be216c83123d,0.0
644f692204996e49d89788a74ba0aa53,0.0
16d19adc33c9a7c9f50c9c91536ccb13,0.0
433c41e0152837bd6c20a54bfd8e7477,0.0
6302a6fd2317461e2eaee9a7bf63523d,0.0
4a6bc27a73dc74a3f0e44cced549765b,0.0
289959d8a7feeabff79e6e1ec9ad4e5a,0.0
f566f03341f51fecde10baf2139cadc2,0.0
dfa5e43760b75043f5fd95360a8238c5,0.0
173832871bdf26e81c023769865f0371,0.0
fffd85c1fab731d0e01cd618fb84fd92,0.0
112681b657ea177635bdc10dc1df3f43,0.0
ef0927907ee3ef49f5933b155d87eb83,0.0
449c29632a571360dfa7fd9a3a678426,0.0
4b2ba26733d676afb2091cc4ef09a361,0.0
36e9da6f3c351577ba58c6959fc25350,0.0
82283195ae6c59da52234167fab58572,0.0
52f8bed82d513e4e9f41f5be9d711c23,0.0
86df89b31303f7df2035c3d9d077a5b0,0.0
a8f26e9292fb63d46589df79f75b35c1,0.0
2d999b7e426cee3e70f1c68e19b986ec,0.0
923c7e09f61fe703be02109b2c543565,0.0
8e09fa086954714000ac567505e5f3fd,0.0
5d5ec1dc1ccd77fc8e0d81d695b7ddf3,0.0
f09581909bae74c3bb0c4cf9021c219a,0.0
f38812116cdd94407b098f9c2a6f4fef,0.0
27926c8e9b4f56224ae840ddeceea2ca,0.0
3ca33e0f28119e01fab244e3e147c51c,0.0
3446a604e6ab6de6604edbb4e8c20691,0.0
6ef3895b1876209e2ead857a9b501119,0.0
a8b81033a0ff53eb7d7ff9300ab4018f,0.0
ed1421c30fd85e5aba0ffda967afb853,0.0
3e540852774426e389a04bf24882ceaa,0.0
5cd955a22461b53b79b3c7e3a711029c,0.0
8ff632eacb8489d269d0ae2eb4a81ae2,0.0
2a0d340cea802e155c3ee63e9a2212e1,0.0
c63190c8bc8c3df2ef1d49cdf49656c8,0.0
02fcb5a5c74e927083500c62f0086be1,0.0
1244d889313780047e5eb58ff6212f02,0.0
97dea7e244d70104e7ad83c84163fe6a,0.0
b5dd05d5675bb0ee3cb23eef8564e7fe,0.0
aa05d7a5c77046052208baa1469b664d,0.0
689bcb2e20099f21a49995d88e8ad68b,0.0
d1e7e16066b6db4afa227930eb4bf25d,0.0
1ba4efe18ab42475e3bbe6bee1e85f4b,0.0
42c742a5bd9c80840d7fd13b293e294d,0.0
380709760217ea6b4170a5d30d42a046,0.0
05354681bdd9eff0d394f63f860e554c,0.0
7d1b14f3d6d38b03d47eff5ab5ed7e5c,0.0
c82d929f228db0f3c0775eba30d250b3,0.0
8cd17d91d91bc83280503648d7df73d5,0.0
0ceffd291556ed2b1f5b6da20fee3842,0.0
f73d8c9e91e74c3f9d61b614db9d3efd,0.0
9f8afd855819d2642c041e47d0036d6a,0.0
86d29b1fdf79ba0c3c427a90340a7e3c,0.0
7ff2e129ed2fd620bad55fb0d467a0b6,0.0
42a765653479f6d9ffe04c8042b66933,0.0
b102e88d1a04bd369f7ccd8447296d97,0.0
a6af6ceb01e93b2c71cd757ccccbb5e5,0.0
8dbf4a829aa455a2dc0639a65649b6ee,0.0
e4dfa5c34b9017a914a5a2d7ec53b089,0.0
b6328fc4f2414f59b573a8112f9038aa,0.0
505a01b84ffe4ff48f0a09909ca53ab8,0.0
1956babbf776f2bd0d4ef8951a503307,0.0
c23a41d09068a7303370dabb695feff1,0.0
f6c920a1b4bb861158f87f4e7eb76005,0.0
c37aa2da08b0ae73d6ccfbe9e1ecdee6,0.0
20a46546d850cd1e0261ef724e625f25,0.0
0fb517cba29e7cb121ff4cb43e087997,0.0
3847014a3d998b5fed45d2fe9969bcec,0.0
161835860462955341258dd2d8c4abf6,0.0
9fa0c850450e61136f6ab992cd82729c,0.0
733d5f749ed038354f1b84b50f5bf59c,0.0
530266594a9bf984b39f47cc7ae9d8fb,0.0
0647afe59b2319b72f265464429ca60f,0.0
32c1756d978ebbcbe787ab0144940c9e,0.0
44facc3f08b94dd3241c7218aef88c56,0.0
0811bf6b0b6bb11a16af59cc9e1039c7,0.0
1d2326809c932224f97569eb48a91ba3,0.0
4e7964644b40781ac0e5d54bf52258b9,0.0
2ce9c6a4dc43e6672b1d20135bdc4a43,0.0
567e205dff7995d7839736866f6159f7,0.0
8ee19d4e390a2d6cd5205776ec4dc614,0.0
cc26e6421ca40147756e830a451ebca9,0.0
50096896383b7ba25e427b14f06c7c56,0.0
8f325c3b38ea471d57a4565ce035f446,0.0
e7ea42b86f76c646819d7948d096468a,0.0
cd5484dfaafc91545ad9fdcba14ce935,0.0
0e7def2ad3e73634e829b8e1f0da03d4,0.0
8a73aca644de90c62a1c8053fa299f99,0.0
d6b0729995ba4f46d464e1617be61037,0.0
4838b3d3fc94a1c9288942bf74e742a7,0.0
1978ae500e2025d733ef867d5ff49d9c,0.0
ca99dcc2441e4b7b9ca3a3b78002db0b,0.0
e9686b78b59435fa970ae84ce24809e9,0.0
091efecda2b1fb7569667e24de7c55f9,0.0
c1aaa2a6fe80be66aba80aee9e436666,0.0
47f2014a0ae2f313a79b29a0b9cf3136,0.0
a2e051cb81990c3ff6e987f37433f7b5,0.0
dd67ee334b0c45f63c0256813295a961,0.0
847bd1b282f3a6964f90ef3c28ed9f91,0.0
d0d4736dfaa004c25fdda19891f23f34,0.0
781c15785c9b9d011559c197a4b7e8fd,0.0
9031646d01d6dafca9aa9ea7d92d25fc,0.0
197ca5537fc9e6bfba3233930a5ed3af,0.0
3e64d931f9c8103dc692425b7cf7c99f,0.0
9214644d858f00ed93c5c2b19f275ed5,0.0
bf92cf341a4a6c657f15785d6efa6781,0.0
4c0c033fcd98910cf6655b0d43f64db5,0.0
ae998b483b94a6430db356f664c69122,0.0
ccc38c971e933a17272d354da1859dc4,0.0
804cf804c5240d69ab72447a48974a4c,0.0
71aff7e5b6cb1e501ec8e2630248016a,0.0
f885dac60919d59ef45c273c11576bc5,0.0
3a81d73244a63eecc96f6c458618b6c2,0.0
8af9d4d656eb52c7dd1bad454178369c,0.0
f35c222357b2f60990804e43d0956b4e,0.0
5953ab2a9e750a09a6831c07a82c0157,0.0
4ee15095d1e342d437294dbd7afa991b,0.0
0eb5754238cf1fc3a6b85408c49b710f,0.0
7270fd9c7b2b47ce3868a894b4a75c07,0.0
e6a6c6bda4d9220e8e1fa2e030c6330d,0.0
a532ffdd7f84cc9d1d5aa5327f095d2f,0.0
96b6d24fdefc7e7a2d17af4998619d8e,0.0
69f65452eef27c1ee1d8320aa3e9c7f4,0.0
47b862df25d8cefedf01ebbde796ac8d,0.0
bd91ff61b43c011187949f28fc7a6e4b,0.0
8b0ba67c84b982d4103cde55583ec9a8,0.0
80199e3673b219826ffa5e830da0f5a4,0.0
d218daad6e7287cf38da69dd0bbac5b8,0.0
1e819fb2996baf3f6f577f065c35ed68,0.0
7f49f6d8596d87c0d10b8936d9c35a07,0.0
1946470cba455500ea3115300149c857,0.0
686fd70673e43733dd0ec5b7d3d6279e,0.0
914f8c20b237cbda69407a25c64ded35,0.0
2ff5411d7aef5c61197569ec2635f815,0.0
1a657fefe37ff19400757a39c2b1cbfd,0.0
5f24631a5bdd8d673c39850ee4227546,0.0
4e494769c23ee1a748231eaee9c477c0,0.0
0e5b78f5e410c536e24b7247c4d90771,0.0
7c8cf4dd83541f941709d436b66f3a48,0.0
c811575df790c682c5c745862c2a4f4c,0.0
f6e0680f72e91ef0bd1f4c38398905fb,0.0
5232ff44b563cbcf0cd4857f26768cc8,0.0
296291e196257bafd867466bc05d2f9c,0.0
49425ef79d171994258b3ad26f229e78,0.0
738f011867ae0c72808e598204eecd7f,0.0
8b10a190822e54f9c43515dbfb9e50eb,0.0
4932f755b197981bbf7fb2c05d58697b,0.0
c9049690972910a6371567df0d5f7300,0.0
a7fdf2d2e83c514f6b863c68836fe1d0,0.0
ca0c9135e641c1dda52c0f55011c8a27,0.0
18aed80e1c07040d157e3588239d00c2,0.0
cca9e58977a4e238cda75adb647180f6,0.0
41df93b59970cd05d3bdf466baaca652,0.0
63e471aeaf5882aa83effd79edd22982,0.0
0bf4f4d2c4c01bd630dc7829fb9d7d05,0.0
c9c96f94a42b442d995ec442a1054454,0.0
9fef394209947a3c992ef8aa2d49de67,0.0
c4bb505cdd12bd914fa42e4849484af3,0.0
02ffbff3bc0c2146591e9bd569c00249,0.0
4249884b05fd0957888c9e8b70221d3e,0.0
0d1d9c8685401bf35d96616063e1f05a,0.0
5e46427bb49783173dc60ec0ed569b16,0.0
d6d455b293b44eb4388ca00ff6d080d9,0.0
554c7680b3a9de06e8db284ec0c5855d,0.0
ff01e36b3d63fd0c866ffc6a8adf6da4,0.0
9cebfb5e250e0d92ce7894e1157960d0,0.0
3368c931204dd1b4640809294fe36529,0.0
e2f67255ce2998a4da77446888ea4d37,0.0
ea61ceb97471ff7762507eb62c84e86f,0.0
7b81bb9e88ebcd66b86f5cca08a7df6e,0.0
f56bdab0466eab9ac596cc48c4b42c32,0.0
7855ab5a9533192a5de55c0580edb62c,0.0
112f8a662a98c9a65a933f789683d7ae,0.0
da272f39ff26975f64ef6cfde1ce48bb,0.0
e2ba6419ed5974391c90c660e3e6aae7,0.0
d4925cdf44d71cc5175bdc0c9448ffda,0.0
bab2d5343fbd9ade4bd2bd08e2001ad2,0.0
4c8d9f7870c2bd44b1ae15a717d41182,0.0
413a39458d11eadb320fde4bedad8ca2,0.0
477be7972a569b58efee50e30159bc3c,0.0
ff645a4fd0208af69e27691d20658a4e,0.0
72be19a6eb986609cd94966e95e15b99,0.0
39e128ba61deff32bedfd62ba60c75f2,0.0
1b76d1c836c530e20f363cdc2f700bff,0.0
6934085fe520a7aedfec0053ceaaf0f1,0.0
a556d57aa8f355f456f03393ee40a035,0.0
7fa26d1eb1ff2841fbf2cbe2a9f1093d,0.0
ac9e3ad5152827532ad9e693e50d22ac,0.0
