,p_val,n_samples,auc_mean,auc_std,auc_median,shuffled_auc_mean,shuffled_auc_std,shuffled_auc_median,acc_mean,acc_std,shuffled_matthews_mean,shuffled_matthews_std,matthews_mean,matthews_std,shuffled_accuracy_mean,shuffled_accuracy_std
alcohol_frequency_daily_cohort,0.0099009900990099,1154.0,0.7207746993555244,0.024180774611488386,0.7193874161185303,0.5009406565204022,0.030644104069465366,0.5017611937348211,0.6606628242074928,0.0234135446242491,-0.0005317175800546622,0.04940204898680104,0.3220745919030141,0.04691447764265334,0.49804034582132567,0.024556222852696687
alcohol_frequency_occasional_cohort,0.0099009900990099,1796.0,0.6139681949607599,0.01932081995562433,0.6150557620817845,0.4952216064240816,0.0266581631040549,0.49914596679914763,0.5832096474953616,0.01975750603221353,-0.006182097495223533,0.04728144734858652,0.1667713975154685,0.0396196883580947,0.49580705009276443,0.023538211143542775
alcohol_frequency_rare_cohort,0.03663366336633664,1796.0,0.5631471843590803,0.018872596642463928,0.5661434668869614,0.5017349900511543,0.0263526573768509,0.5017267879258703,0.5465491651205937,0.017410260149815115,0.0026926616138931827,0.04494102415932573,0.09343105813987838,0.03493027086834658,0.49970315398886833,0.022642445154904517
alcohol_frequency_regular_cohort,0.0099009900990099,1796.0,0.6779325347652485,0.02225672755032859,0.6772063885446784,0.49891639727573944,0.025893009697766815,0.4954012990700316,0.6302597402597402,0.019416442012852243,-0.0044668555417449116,0.04592959119596297,0.26136038923416266,0.038852471428065076,0.4964192949907236,0.02262120567756739
artificial_sweeteners_daily_cohort,0.12722772277227723,198.0,0.6268722222222223,0.059199268795534346,0.6311111111111111,0.5043661855383265,0.08340344351315813,0.5080541674744574,0.5946666666666667,0.05517044297246286,0.011398876790162837,0.13497975373194213,0.1930928571082017,0.1127500577783799,0.4935,0.06879498528235906
artificial_sweeteners_occasional_cohort,0.4290099009900991,306.0,0.5044730623818525,0.055310263158838836,0.5099243856332702,0.4903592425620013,0.058449773723486545,0.4914772727272727,0.5021739130434784,0.04740426627686201,-0.01704880162845216,0.09222352210499582,0.0042144083206115315,0.0956511831553132,0.4847826086956521,0.04603873605336385
artificial_sweeteners_rare_cohort,0.11673267326732673,860.0,0.5636202752238446,0.030431025240230048,0.5636980950664022,0.5033789933608215,0.037492056289411886,0.5036393609154803,0.5466279069767443,0.026950975619330075,0.0035432122940700196,0.06380217037599009,0.0936020535492906,0.054099630884639226,0.4984108527131783,0.0322665747025971
artificial_sweeteners_regular_cohort,0.07544554455445546,206.0,0.6432726326742976,0.05705410113505982,0.6425598335067637,0.4965643230408363,0.07422638051781741,0.4876891195349613,0.6045161290322579,0.05658877346256869,-0.01082676412939368,0.12310401236451872,0.2107915271540966,0.11329066634972203,0.4837096774193549,0.06211227288779764
exercise_frequency_daily_cohort,0.033564356435643566,256.0,0.6521659919028341,0.04566655807101662,0.6548582995951417,0.49365485833430145,0.06398869039680141,0.48852901484480427,0.6267532467532466,0.043988222714280475,-0.00593066249173427,0.107334243089424,0.25557067370632985,0.08842905982436684,0.48870129870129864,0.054689204518891005
exercise_frequency_occasional_cohort,0.12514851485148512,256.0,0.5930229419703105,0.056613370774960155,0.5944669365721997,0.4950366446094657,0.05854289442796287,0.4941460055096419,0.5707792207792207,0.050075840609865134,-0.009508737916111289,0.10510534203908115,0.14318034590292392,0.10095601915375958,0.4874025974025974,0.05286384334823728
exercise_frequency_rare_cohort,0.3300990099009901,256.0,0.5402429149797572,0.06296118020850013,0.5455465587044535,0.49942872061109544,0.06103224430859381,0.505401758033337,0.5285714285714285,0.053970375987480904,-0.011441131997203875,0.11382846146364846,0.05807348420802927,0.10925540820748397,0.48597402597402595,0.057324975431575435
exercise_frequency_regular_cohort,0.028514851485148523,256.0,0.6738798920377869,0.051406615443793956,0.6700404858299596,0.5021260266685865,0.06486560772352022,0.49899336252719717,0.6284415584415586,0.0523005894930993,0.00517628129632489,0.1037174919908739,0.260435450088899,0.10559360530032363,0.4932467532467532,0.05165436462736233
fermented_plant_frequency_daily_cohort,0.03990099009900991,592.0,0.602540714556243,0.034401718543808295,0.5988827168286832,0.49353299194607053,0.045712991098886165,0.48978942305908957,0.5698314606741574,0.031503331834540724,-0.007331808679113948,0.08362103840005855,0.14022965603740956,0.06320119520154906,0.4921910112359551,0.04168596110943069
fermented_plant_frequency_occasional_cohort,0.10138613861386139,1148.0,0.5571286463234305,0.024040471177575788,0.5575178115338082,0.500880414032609,0.033087218306698654,0.49765035756546794,0.5397971014492753,0.019683933978725053,0.00037844157091340025,0.05933129525208985,0.07980933017658749,0.039447383016233316,0.49881159420289856,0.029411635765807038
fermented_plant_frequency_rare_cohort,0.06920792079207921,2866.0,0.5469190360072257,0.018372043234621004,0.546276287178287,0.502791685067737,0.023321774369393786,0.5041013572702393,0.5329333333333334,0.019428101068069185,0.006212360291255058,0.04152806143058772,0.06579226954265295,0.03902173337043671,0.5017666666666667,0.02063279482334427
fermented_plant_frequency_regular_cohort,0.03564356435643565,832.0,0.61167168,0.027380676769897416,0.6095840000000001,0.503522449263323,0.04369270346890675,0.5025035038600103,0.5833999999999999,0.02748890685349272,0.0032695628425366942,0.07085501381763691,0.16726072794979385,0.0551652699477583,0.49916000000000005,0.03608121949158593
flossing_frequency_daily_cohort,0.03178217821782179,1064.0,0.5865638671875001,0.02748431660258306,0.5888085937499999,0.5009387026480873,0.03495796569128904,0.4985895552357381,0.56296875,0.023210883593424443,-0.002869660591822717,0.057152039595477336,0.126254184882851,0.04657774344873266,0.49625,0.02822897447659054
flossing_frequency_occasional_cohort,0.3803960396039605,1064.0,0.5182585937499999,0.026750429341801298,0.517099609375,0.5047509743198604,0.03176838316770476,0.5059119906501721,0.5121875,0.025721996301803635,0.013229974790024383,0.058780783393231006,0.024401680693599007,0.05158383177994816,0.50353125,0.029166999626075694
flossing_frequency_rare_cohort,0.6134653465346535,1064.0,0.497930078125,0.030460272631261064,0.4983203125,0.5108430760029291,0.03252409359504993,0.5085526332802456,0.4978125,0.028157966790057835,0.015550490412403424,0.05438418334448543,-0.004366610848262838,0.05642541594708221,0.503625,0.026581684248745418
flossing_frequency_regular_cohort,0.07207920792079209,1064.0,0.5693835937500001,0.022041519402611145,0.567919921875,0.501536156613625,0.03722466262088176,0.4977497466284071,0.55215625,0.021545260318397177,0.004313985115194946,0.06184411145954107,0.1046256687870585,0.04321802062236813,0.500125,0.03096722057272819
frozen_dessert_frequency_daily_cohort,0.2932673267326733,52.0,0.5796875,0.12428506484590174,0.5859375,0.46434304584304587,0.15224016563744322,0.4797619047619047,0.573125,0.10754904404503092,-0.04413055092807511,0.2437638225681599,0.1510585775956978,0.2207120327876571,0.44,0.12019515381245618
frozen_dessert_frequency_occasional_cohort,0.01485148514851485,1194.0,0.6072225325884544,0.02641254867476645,0.6075108628181254,0.49820824708920414,0.028291895250710908,0.49729188619966774,0.5771030640668524,0.02318305265425319,0.0027329155473499035,0.05012996069985659,0.15445392661240115,0.04648429713075731,0.49908077994428973,0.025091463727218107
frozen_dessert_frequency_rare_cohort,0.02237623762376238,2604.0,0.5754862222222222,0.018141261585160898,0.5749861111111111,0.5019035803529147,0.025253440277838598,0.4991940820853172,0.5548666666666667,0.018291892557451055,0.0024481428007367147,0.04213842854012459,0.10988561650735995,0.036624697401799695,0.4996,0.02101999048524999
frozen_dessert_frequency_regular_cohort,0.2303960396039604,278.0,0.5599178004535148,0.05701042707923172,0.5496031746031746,0.49601938562508635,0.06422774521399306,0.4859656095374433,0.5486904761904762,0.04800719782578338,-0.007593146875787209,0.11221648987289394,0.09800476977669109,0.09659960836531632,0.48797619047619045,0.05628057244260332
fruit_frequency_daily_cohort,0.01227722772277228,396.0,0.6826963276836158,0.04795208970889555,0.6846045197740113,0.5010995819888827,0.05032444474022601,0.49613018774703554,0.6281512605042017,0.04569412246876069,0.0054578347110720545,0.08431772711163357,0.25878499419742185,0.0920568685565516,0.49605042016806733,0.04205804698785305
fruit_frequency_occasional_cohort,0.03168316831683169,396.0,0.647210451977401,0.04510089100611858,0.6481638418079095,0.5092847066656421,0.052087931117853696,0.5118944099378882,0.6060504201680672,0.041463244222142585,0.01201979404894479,0.08961319585850519,0.21413859059529577,0.0835323636052174,0.4984873949579831,0.04406567567089449
fruit_frequency_rare_cohort,0.3128712871287129,396.0,0.5425607344632769,0.045745105662338074,0.5396892655367231,0.5048673022757137,0.057612954016503105,0.5112731084429198,0.5335294117647059,0.040502022327087044,0.008995722509119947,0.09752727297947696,0.0679657622167199,0.08185766262223859,0.4984873949579833,0.04998241340312627
fruit_frequency_regular_cohort,0.014455445544554454,396.0,0.6957966101694916,0.03934906126811489,0.6983050847457627,0.5017172288511187,0.0544280100003403,0.5035321114102576,0.644453781512605,0.03802360830462618,0.003393776793714702,0.1054260027639742,0.2917126356354297,0.07645680888222021,0.49680672268907566,0.05392941846895784
high_fat_red_meat_frequency_daily_cohort,0.1610891089108911,76.0,0.6709090909090908,0.08994641808722438,0.6742424242424242,0.5037718360071302,0.12856306027929498,0.5037878787878788,0.6147826086956523,0.0880410627687976,-0.016416800885208523,0.2211320367167256,0.23842201667143692,0.1822619309404265,0.46434782608695646,0.10893538779733501
high_fat_red_meat_frequency_occasional_cohort,0.0099009900990099,2044.0,0.6749274991944353,0.020986799907214505,0.6747186079845331,0.5006133349940939,0.025595441378342382,0.5015639521966545,0.6227833333333332,0.017274025137310772,0.0017053395564002915,0.04399355507903808,0.2458783419579926,0.03463139556623048,0.4994833333333334,0.022166911026222043
high_fat_red_meat_frequency_rare_cohort,0.012475247524752476,2178.0,0.582574888888889,0.02194630127840382,0.5800777777777778,0.5008528300480976,0.02162085600953672,0.5021362401322773,0.5584333333333333,0.02036039183207326,-3.436244067679337e-05,0.04187714578505825,0.11708246128800713,0.040830880461150326,0.4986833333333333,0.02069392691373754
high_fat_red_meat_frequency_regular_cohort,0.0099009900990099,628.0,0.7439720044792832,0.02744912277798253,0.7434490481522955,0.5088420512091,0.03864939339223121,0.5067232947594946,0.6810052910052911,0.025934508891334924,0.01259259976865158,0.07480706051109474,0.36305651096768093,0.051941582702482246,0.5015873015873016,0.03828582542883714
homecooked_meals_frequency_daily_cohort,0.29930693069306935,128.0,0.5931578947368421,0.07613499455652364,0.5986842105263157,0.5273513630857184,0.08938537742405694,0.5332526950174008,0.5592307692307692,0.06534136327097209,0.0443753795795554,0.14226780735032202,0.12162015713633782,0.13405996923492247,0.5102564102564102,0.0716573774999083
homecooked_meals_frequency_occasional_cohort,0.32099009900990105,128.0,0.5708947368421053,0.08162886418506658,0.575,0.5058319688584192,0.10272366174162699,0.5081349206349206,0.5471794871794873,0.06977186455511777,0.011037978602046597,0.18365159260603708,0.09692242192724791,0.14174503030244548,0.4892307692307692,0.09278225589274604
homecooked_meals_frequency_rare_cohort,0.2330693069306931,128.0,0.5768157894736842,0.07145470544861215,0.5723684210526315,0.48850994418134397,0.09180058583286574,0.4947229184071289,0.5471794871794872,0.07208914052379573,-0.03160937269780164,0.16052624924460937,0.09552651587946893,0.14699207980149676,0.47102564102564104,0.0804862768592022
homecooked_meals_frequency_regular_cohort,0.4864356435643564,128.0,0.5192894736842105,0.08035331864443755,0.5105263157894737,0.5089658464758259,0.09305733857970586,0.5118769145084935,0.5153846153846153,0.0724784308979619,0.010987245397594152,0.1655610398125339,0.031131326901824786,0.14774904515354215,0.4887179487179487,0.08211696089281549
meat_eggs_frequency_daily_cohort,0.0099009900990099,400.0,0.7779597222222222,0.03625137659689288,0.7765972222222222,0.5049582696534864,0.055777124359090616,0.5072965902344027,0.7164166666666668,0.03283914923109645,0.012353886427003071,0.09081842800678991,0.43502232280234165,0.06576154749678806,0.5015833333333333,0.045927101052767434
meat_eggs_frequency_occasional_cohort,0.018811881188118815,400.0,0.6627583333333333,0.037391380860491374,0.664236111111111,0.500651468207402,0.058725899119315465,0.4919281238507339,0.6234166666666667,0.03404847443147948,0.0034974781658243213,0.10174344919407877,0.2484527621976846,0.06832621207739109,0.4954999999999999,0.049908527438816616
meat_eggs_frequency_rare_cohort,0.11940594059405943,400.0,0.5850222222222222,0.04447660607166784,0.5856944444444445,0.499311515120626,0.055508440039374614,0.5018824983626404,0.5573333333333333,0.041437369071353404,-0.0016918985856533425,0.09472572587161451,0.11558011217069694,0.08362099659903477,0.49425,0.04780886424084973
meat_eggs_frequency_regular_cohort,0.012574257425742575,400.0,0.7125430555555554,0.04103181022367258,0.7119444444444445,0.5024381846831146,0.05391154211235447,0.5043067518755209,0.653,0.038989314775546735,0.0002413666851260074,0.09577267807038463,0.307599617480904,0.07821927053171811,0.49250000000000005,0.04884072754030869
milk_cheese_frequency_daily_cohort,0.0099009900990099,1112.0,0.7251918319050522,0.02445926875019001,0.726836745670336,0.5049361853246019,0.03513522834751767,0.5078402757951157,0.6707784431137724,0.02305163687544984,0.004853725373946968,0.058690330551055735,0.3422728987141223,0.04605115150234691,0.5000898203592814,0.029455524402343624
milk_cheese_frequency_occasional_cohort,0.0099009900990099,1112.0,0.6707341604216717,0.025809448128554575,0.6721825809458926,0.5011662905143013,0.030431959568698284,0.49787066865718554,0.6268263473053892,0.024918814717058285,0.0050368846990281905,0.05550668322433918,0.25412999544565784,0.049922413352868594,0.5000299401197604,0.027857169782288534
milk_cheese_frequency_rare_cohort,0.01485148514851485,1112.0,0.602881960629639,0.02452465527653832,0.6028272795725914,0.5005706860076036,0.034374863980722314,0.5024566497183651,0.5770359281437126,0.023078589306483897,0.0064505568265438365,0.06136853540778144,0.1543878191091888,0.046229307888357565,0.5010479041916168,0.031133046055709764
milk_cheese_frequency_regular_cohort,0.0099009900990099,1112.0,0.6946643838072356,0.02693421498319489,0.693517157302162,0.49910233705014834,0.034782025085806946,0.49575031266344705,0.6460479041916168,0.02565985296278016,-0.0010317314632001151,0.05895554906651868,0.29265470222580886,0.05134362496524496,0.4976946107784431,0.029468911742644648
milk_substitute_frequency_daily_cohort,0.028118811881188123,1328.0,0.5818396984924623,0.026814605391398294,0.585753768844221,0.49821025395689567,0.03001725282179801,0.49822792886884193,0.5580451127819549,0.02421944967535377,-0.00576963122174812,0.054529116262314346,0.1163028556693474,0.048501892102424116,0.4954135338345865,0.027058512792710925
milk_substitute_frequency_occasional_cohort,0.3742574257425742,914.0,0.5207674812228922,0.032190543961953054,0.5163175711414366,0.5035070883173312,0.03868509274760444,0.5025702923384494,0.5155272727272727,0.02919913957749639,-0.0008403071259201666,0.06339195473849611,0.031223131258964112,0.058549955315273364,0.49636363636363634,0.031960719693176265
milk_substitute_frequency_rare_cohort,0.2621782178217822,1414.0,0.5239181947028081,0.02479057043963498,0.5246146691469573,0.4991199064828735,0.02792198816225178,0.49884448013934235,0.5169176470588236,0.023563962867496655,-0.003134903530585447,0.05296895429726574,0.033888745537753735,0.047229256458388325,0.4966823529411765,0.026395123802582045
milk_substitute_frequency_regular_cohort,0.07188118811881188,914.0,0.5596366232941923,0.026629773669042404,0.5584735004760393,0.5002108754068941,0.029031615828090628,0.5012239153439153,0.5394181818181818,0.02507889040212212,0.002708322473668255,0.057391999971097396,0.07922182389484358,0.05050322344859565,0.4981454545454545,0.029758232418848653
olive_oil_daily_cohort,0.27376237623762373,532.0,0.53401640625,0.03827023932053949,0.5333593750000001,0.49887526344814104,0.04150046591545956,0.4972042410714285,0.5258125,0.03908779181215025,-0.004768264572024192,0.07606725578852346,0.05197300360883741,0.0785276835437443,0.4928125,0.03706387012644524
olive_oil_occasional_cohort,0.21623762376237626,532.0,0.54351015625,0.0372860306013248,0.543828125,0.49377673566172275,0.049290374239397194,0.49298966265680755,0.5364375,0.03482158768278667,-0.016501102883134233,0.08308511052060633,0.0732870902262671,0.06998352192371082,0.48649999999999993,0.03992884295844296
olive_oil_rare_cohort,0.6035643564356435,532.0,0.49277499999999996,0.039967912361726976,0.49296875,0.5052304010598856,0.04701440645784338,0.5107911706349206,0.4976874999999999,0.03571430691963656,0.01738999102180588,0.08274948014903914,-0.004560212827494124,0.07187748917859144,0.503375,0.041026096877475444
olive_oil_regular_cohort,0.21594059405940594,532.0,0.5422265625000001,0.034438415404405676,0.544296875,0.4977415911778577,0.04570986359862506,0.4993738827604731,0.5329999999999999,0.03354195134454762,-0.0009373133910859943,0.0772332716566209,0.06653449640939431,0.06790747727944395,0.4962500000000001,0.039001201904556734
one_liter_of_water_a_day_frequency_daily_cohort,0.4176237623762376,194.0,0.5328045977011495,0.06747340261743298,0.5333333333333333,0.5098244258304522,0.07743257921354608,0.5126728110599078,0.5130508474576271,0.06572491487637727,0.015101958862212852,0.13217775924712144,0.02732855637880325,0.13425594329609464,0.49813559322033896,0.06693928268805358
one_liter_of_water_a_day_frequency_occasional_cohort,0.39504950495049507,194.0,0.5223908045977012,0.06557055302269413,0.5178160919540229,0.4926415123245703,0.07990217740093855,0.49135536398467433,0.5135593220338983,0.05765203848032186,8.368355880326778e-05,0.13063037156774993,0.028080863129688775,0.11692342361347578,0.4891525423728813,0.0646302990322806
one_liter_of_water_a_day_frequency_rare_cohort,0.6345544554455447,194.0,0.46628735632183904,0.06403011887902682,0.46379310344827585,0.49797424013322783,0.067976999452663,0.48877818035426734,0.47237288135593225,0.05690752110273324,0.006881369192425012,0.12854364469914797,-0.05580305620078249,0.11501746180438184,0.49118644067796624,0.0680072997416873
one_liter_of_water_a_day_frequency_regular_cohort,0.36376237623762386,194.0,0.5249770114942529,0.06277774433909201,0.5316091954022988,0.4921247508243232,0.06807011389973414,0.49532019704433494,0.5033898305084746,0.057751610296273966,-0.004937605673965868,0.11662907206993545,0.0064189598871850564,0.11786240804171795,0.48711864406779654,0.05815412068263098
poultry_frequency_daily_cohort,0.01198019801980198,280.0,0.7092261904761905,0.04817547530402383,0.7049319727891157,0.5029148786375274,0.06198385800094348,0.5126610657860657,0.6608333333333333,0.04227431072103689,0.008635827595293572,0.11860628619934956,0.3236833565997347,0.08459495850542016,0.4976190476190477,0.05856368512499449
poultry_frequency_occasional_cohort,0.0099009900990099,1252.0,0.6593939565414214,0.022717739780952692,0.6617389090086012,0.5013271757618303,0.02988765061170461,0.503199176858008,0.6137765957446808,0.020726191979039812,0.0007998208425666819,0.05187109813830402,0.2279902868360089,0.04149133089785785,0.49837765957446806,0.026239354154175516
poultry_frequency_rare_cohort,0.02623762376237624,1090.0,0.5882459224898998,0.0286565320581168,0.5854967828819393,0.5012819926307862,0.02995299429780536,0.4997005581606083,0.5641896024464832,0.02331188067171866,6.169772242337092e-05,0.051903241744791793,0.1287836974694905,0.046810049973438905,0.49685015290519874,0.026668542845650758
poultry_frequency_regular_cohort,0.0099009900990099,1252.0,0.7085546344499773,0.023281785819354875,0.7072133884110458,0.49655393834650985,0.030414033471741583,0.5002054216573664,0.6561436170212765,0.021040226271316857,-0.0049127143066519455,0.05219790306222215,0.3129504795377642,0.04227794519023708,0.4957446808510638,0.026239637200894866
prepared_meals_frequency_daily_cohort,0.030198019801980204,182.0,0.7198148148148149,0.05659254535145419,0.7208994708994709,0.49704550067736103,0.08736709903916741,0.4907407407407408,0.6572727272727272,0.05456817708530518,0.00663655275118818,0.15044297178939842,0.3185272011168047,0.10992096187326353,0.48836363636363633,0.07167511642159773
prepared_meals_frequency_occasional_cohort,0.01693069306930693,608.0,0.6212016244624939,0.03242587962408363,0.6205805064500716,0.4950884591812315,0.04370127016991602,0.49407327586206895,0.586448087431694,0.03247465171439801,-0.001887028384036601,0.07353111575208464,0.17387615014873167,0.06525837011478249,0.4961202185792351,0.03718493914215328
prepared_meals_frequency_rare_cohort,0.2052475247524753,608.0,0.550030458671763,0.03668520377294382,0.5497491638795986,0.49662572934966387,0.04708099323913946,0.49366002511534096,0.5343169398907104,0.0363589656019949,-0.004139778404270209,0.07667865274762733,0.06907894350875261,0.07299505563096167,0.49459016393442634,0.03895906611754255
prepared_meals_frequency_regular_cohort,0.010099009900990098,608.0,0.6637302914476827,0.03426142576193377,0.6638795986622074,0.5086404972193173,0.040376915160177204,0.5117071269595814,0.6209836065573772,0.03264559721414854,0.02232600212938189,0.07542527455979738,0.24307326637728635,0.06551242189700772,0.5075409836065574,0.03886533030975802
probiotic_frequency_daily_cohort,0.010693069306930692,1262.0,0.6361910331384015,0.025002859070058787,0.6366193260930103,0.5011444594570321,0.03294798902530408,0.49768465759715724,0.5970184696569922,0.025086382461964325,0.0007020192693874286,0.05254780198244642,0.19466561935321158,0.05038093968293447,0.49788918205804755,0.02688316425380632
probiotic_frequency_occasional_cohort,0.12207920792079205,814.0,0.5570478475276556,0.031914705841347854,0.5567772890843663,0.4991258383264707,0.034754645284860074,0.4975332262719828,0.5397142857142857,0.026919318885875745,0.00039225964779193365,0.06175164882496267,0.07959301823665177,0.05397746310474148,0.4968571428571428,0.0305706111440811
probiotic_frequency_rare_cohort,0.38029702970297036,1626.0,0.5156014008331095,0.02220158789832128,0.5187449610319806,0.5034713448148922,0.030573626057235997,0.5047012045933461,0.5121926229508198,0.02096858252811517,0.010880972791637555,0.050301790372988285,0.024411614247747626,0.04198571583111169,0.5039959016393443,0.025403844811920984
probiotic_frequency_regular_cohort,0.04316831683168317,834.0,0.5787174603174603,0.027588304729053745,0.5766984126984127,0.49972782025568724,0.034843440328579306,0.5005114354965101,0.5580079681274901,0.026718903034529368,-0.0009240014193391301,0.06003726421522922,0.11642273806415881,0.053659124087840515,0.4966533864541832,0.028714128898395575
ready_to_eat_meals_frequency_daily_cohort,0.16524752475247528,50.0,0.6651785714285715,0.10196960206305584,0.6785714285714286,0.474931721981722,0.16074173504038156,0.4642857142857143,0.6093333333333333,0.09238566507370669,-0.03230241853222151,0.2721830491349684,0.2383729613751379,0.19151874164795354,0.452,0.12878233143132983
ready_to_eat_meals_frequency_occasional_cohort,0.0099009900990099,1278.0,0.6574778917100694,0.02584169656749999,0.6557888454861112,0.4983835935792258,0.02951044392027556,0.49976919543031306,0.6084114583333333,0.025169388714373027,-0.002645988467802989,0.05231063302353176,0.2172346082599362,0.05032060640284276,0.4969270833333334,0.025972251234758006
ready_to_eat_meals_frequency_rare_cohort,0.009999999999999998,2748.0,0.5997172652117871,0.019525960566095898,0.602221209831548,0.49924559467675467,0.02335674477865841,0.499158158387801,0.5715333333333333,0.01747487084676482,-0.0017529610341507566,0.04197917204903525,0.14310432276696217,0.03508518150584665,0.4979833333333334,0.021108575140080972
ready_to_eat_meals_frequency_regular_cohort,0.03099009900990099,296.0,0.6643484848484849,0.047410489771284,0.6679292929292929,0.5038725864669432,0.06684553125917102,0.5075795875846432,0.621123595505618,0.0390222632371959,0.006725768788612089,0.11511685891790527,0.24454765421124677,0.07849970406637168,0.4969662921348314,0.05711259275749436
red_meat_frequency_daily_cohort,0.04247524752475248,130.0,0.7156315789473685,0.06938473172989802,0.7131578947368421,0.5050774980354862,0.09385296088016537,0.5092949620039404,0.6561538461538461,0.06697119794637187,0.009308650135926681,0.16290274935265603,0.317355216933644,0.13415119681890061,0.4920512820512821,0.08202683930802104
red_meat_frequency_occasional_cohort,0.01,1568.0,0.6346328885683374,0.024490519861141105,0.6327533357374684,0.49855387785119687,0.0258849571463136,0.4999819299408872,0.5977707006369426,0.022286673859041414,-0.0011073382415955008,0.046730368469103147,0.19588472709939078,0.04459045540080108,0.4982802547770701,0.022945058707619582
red_meat_frequency_rare_cohort,0.018514851485148517,1568.0,0.5958147313379011,0.02136815725471196,0.5946988820771728,0.502155730623181,0.029188768939091593,0.5016141483905306,0.572547770700637,0.020767880331804163,0.0022401379029279717,0.0493342026882453,0.1454882956311848,0.04172496854905203,0.4996390658174097,0.024270877796976165
red_meat_frequency_regular_cohort,0.0099009900990099,1568.0,0.7168992066354128,0.016551904138984382,0.7154075009015506,0.5003118329248553,0.027074735709073608,0.5003822526444364,0.6572611464968151,0.016782912389611337,0.004863333254273549,0.04718087906211778,0.31499684246057424,0.03359429274808978,0.5007218683651805,0.023542421462991205
salted_snacks_frequency_daily_cohort,0.05881188118811882,336.0,0.6207588235294118,0.04935072213727955,0.6180392156862745,0.49631375842985337,0.060184019271419656,0.49607689229537966,0.5893069306930692,0.044133989603587574,-0.004108345135135016,0.09837921740628551,0.18006226352790178,0.08896762228842288,0.4930693069306931,0.048867178927734914
salted_snacks_frequency_occasional_cohort,0.0099009900990099,1326.0,0.6854550390141663,0.02164604750940429,0.6841683290825988,0.49773445046976206,0.031312485589234836,0.5002592066297747,0.6346482412060301,0.020952710092026292,-0.008270307802792413,0.057177273899060584,0.26963698108087325,0.04195803243502208,0.4940452261306533,0.029008198738471422
salted_snacks_frequency_rare_cohort,0.010594059405940595,1326.0,0.617698164187773,0.023770508114559483,0.617452842099947,0.4986277928948885,0.028400420124173254,0.5001767731962016,0.5862562814070352,0.022793958217008012,-0.0028323655931663146,0.04541778664951859,0.17287070890814213,0.04565336087336785,0.4966834170854271,0.022579204128562996
salted_snacks_frequency_regular_cohort,0.0099009900990099,1272.0,0.7508589402702777,0.021548617259679027,0.7510690496422796,0.49940291281209453,0.029950405512619353,0.501639154526649,0.6853141361256544,0.021041307707140945,0.0020782378926187182,0.05347926364197019,0.37130601121631557,0.04198713602010708,0.49950261780104716,0.027189099697269712
seafood_frequency_daily_cohort,0.29000000000000004,82.0,0.5775641025641025,0.09379806460197845,0.5801282051282051,0.49313207266589615,0.10883461219235867,0.4902564102564102,0.5624,0.08095826085088538,-0.021641380776631403,0.2050009139515343,0.13374806561525937,0.16975976572877646,0.468,0.10158740079360237
seafood_frequency_occasional_cohort,0.018712871287128716,1092.0,0.619353249553837,0.02628046653513544,0.6150542831647828,0.5061663734003976,0.037111061018382095,0.5006786871654569,0.585640243902439,0.022965615706073975,0.008134459623515332,0.06416903610043102,0.17193589582109248,0.046106199170764944,0.5016768292682927,0.031679088630427676
seafood_frequency_rare_cohort,0.04534653465346535,1092.0,0.5780316775728733,0.028157542826496035,0.578022754312909,0.5024792107585434,0.032377026697084636,0.5036999851256879,0.5595121951219512,0.025925320608654195,0.005735049439227544,0.05195650221834063,0.1193330709814965,0.05197362582148174,0.5002134146341465,0.0261955896254296
seafood_frequency_regular_cohort,0.0099009900990099,1092.0,0.6444370910172518,0.025204518155575104,0.6428000446162998,0.500470307043652,0.028826332485975298,0.5014038859456982,0.6032926829268291,0.023450969013032466,0.004986101393209163,0.052239589792131474,0.20699571968856292,0.04694586752547216,0.5,0.025794196461387166
smoking_frequency_daily_cohort,0.09108910891089109,144.0,0.6518904958677685,0.06760106014147926,0.6632231404958677,0.5035497621410782,0.0863154171339457,0.5099021313614616,0.6061363636363636,0.0559529576615426,-0.0015823317957433883,0.15047962701078837,0.21557965333939486,0.11405485447992995,0.4824999999999999,0.07819337916636257
smoking_frequency_occasional_cohort,0.30217821782178217,88.0,0.5756593406593407,0.09374487869922843,0.5769230769230769,0.4942184554733575,0.11120409755916492,0.5027472527472527,0.5440740740740742,0.0795555210704112,-0.005785762307017129,0.19728499133117475,0.09402607024447063,0.16480568289794942,0.4796296296296297,0.09345891022922624
smoking_frequency_rare_cohort,0.4775247524752475,336.0,0.5066156862745099,0.05132594518351476,0.5113725490196079,0.5018934365846952,0.05641156322079917,0.5001985518702845,0.502871287128713,0.04570130151216584,0.005053492248370099,0.10465788382334697,0.006116414429550313,0.09226311130277573,0.49613861386138614,0.052762059457012095
smoking_frequency_regular_cohort,0.3804950495049505,54.0,0.5365277777777778,0.1143563408175742,0.5416666666666667,0.47355230880230886,0.14867158131931824,0.48409090909090907,0.531764705882353,0.11158499483651181,-0.03687392289917879,0.23479532499704167,0.07053249811153177,0.23383760219078875,0.45294117647058824,0.11176470588235295
sugar_sweetened_drink_frequency_daily_cohort,0.20346534653465345,80.0,0.6424305555555554,0.09696143097759141,0.6388888888888888,0.5017871482751998,0.12816399781551868,0.5036001036001037,0.5945833333333334,0.08309444927310126,0.00750957834988357,0.2335525219330158,0.19610839417721312,0.17091078107368382,0.4833333333333333,0.11711224435462664
sugar_sweetened_drink_frequency_occasional_cohort,0.09504950495049505,428.0,0.5944759615384615,0.039415424620825035,0.5918269230769231,0.49606077462337295,0.05515375436759144,0.4912054535856506,0.5672093023255814,0.039996619651649065,-0.002666231893161697,0.08746682665139151,0.1351562562530762,0.08030877818776745,0.494031007751938,0.04375356141126916
sugar_sweetened_drink_frequency_rare_cohort,0.01811881188118812,1624.0,0.5875490459553884,0.022185687403334448,0.5865232800322493,0.5049854764507158,0.026583712983393102,0.5049689357224372,0.5631352459016393,0.020719422301176512,0.002310878313807368,0.04878839554409926,0.12642342751915492,0.04150541047582546,0.499139344262295,0.02393102238315664
sugar_sweetened_drink_frequency_regular_cohort,0.04762376237623764,156.0,0.7041485507246377,0.06500251184699572,0.7001811594202898,0.5213231689732348,0.08884633766223272,0.5157605552342395,0.6531914893617022,0.05681289328859016,0.03493585016413903,0.13454988924773995,0.31071465496480705,0.11546354162968654,0.5038297872340426,0.06997897892994627
sugary_sweets_frequency_daily_cohort,0.0099009900990099,1020.0,0.715725789226366,0.024731169788507625,0.717117348028536,0.506693893124536,0.03168106350515113,0.5073446127246952,0.6639869281045754,0.02157050892962273,0.008052220813627324,0.05887792820295482,0.32871012306869846,0.043193562201623,0.5009803921568627,0.02979238109328718
sugary_sweets_frequency_occasional_cohort,0.0099009900990099,1130.0,0.670468499825966,0.024380888869005593,0.6685520361990951,0.49680627175075925,0.034548108583757876,0.49578432987010673,0.6233038348082596,0.021444839373068843,-0.00517626777858887,0.05971253752023992,0.24721642653365372,0.04294900871727501,0.49507374631268436,0.029483934444671896
sugary_sweets_frequency_rare_cohort,0.010198019801980197,1130.0,0.6291550643926209,0.02457513022936733,0.6262443438914027,0.5015850499081388,0.030361895292769902,0.5024408275017729,0.5965486725663717,0.023862301238238483,0.004110683778407808,0.05250961161145368,0.19353766611032877,0.04786030164802878,0.49964601769911504,0.026008198989308492
sugary_sweets_frequency_regular_cohort,0.0099009900990099,1130.0,0.7159497041420119,0.022752666327232357,0.7110685694396102,0.49877386783097827,0.031097523133265727,0.4963438070969831,0.6609439528023598,0.02300438652729183,-0.0027326554093559286,0.051217530876819614,0.32258619733240046,0.04623726295777606,0.4969616519174042,0.02504233673839707
vegetable_frequency_daily_cohort,0.09217821782178216,56.0,0.7161111111111111,0.09595041157536262,0.7083333333333334,0.4720336607836608,0.14626875073365336,0.4718253968253968,0.67,0.08314534736789145,-0.019917032748262828,0.24040144081924,0.3570522824058925,0.17277117488517596,0.4594117647058824,0.1145760955038164
vegetable_frequency_occasional_cohort,0.5108910891089109,56.0,0.4998611111111112,0.1141003287938479,0.5,0.5001575369075368,0.1432729108966142,0.5069444444444444,0.4923529411764706,0.10511321956507487,0.008894475024194316,0.26379971963683274,-0.010213801519959011,0.21946514414943463,0.47823529411764704,0.1298535240810313
vegetable_frequency_rare_cohort,0.37871287128712877,56.0,0.5670833333333334,0.09722331348593907,0.5694444444444444,0.5145674325674325,0.1522472635778409,0.5069444444444444,0.5711764705882353,0.08331164654372757,0.012473424472070883,0.266787291476453,0.15562357668835566,0.17077681985457896,0.47294117647058825,0.1322993355495454
vegetable_frequency_regular_cohort,0.1677227722772277,56.0,0.7075,0.12021425060858099,0.7083333333333333,0.5063906926406926,0.15056616171065162,0.4930555555555556,0.6717647058823529,0.11472247240510676,0.03687750635348426,0.27736475592029297,0.3545624830156003,0.2338684702788682,0.4805882352941177,0.13181065375342985
vitamin_b_supplement_frequency_daily_cohort,0.0099009900990099,1250.0,0.6458135168961202,0.02547775354220513,0.6460063716008646,0.5030722955365199,0.029601053949922036,0.5037567809282453,0.6012533333333334,0.02376613463640135,0.005913925309436125,0.060570823196752735,0.20297018478957748,0.04769576103250322,0.50088,0.030320492520186194
vitamin_b_supplement_frequency_occasional_cohort,0.19455445544554462,512.0,0.5588471917692697,0.041938782106664005,0.5637544273907911,0.5009467577724318,0.04906010160774515,0.49741976177902947,0.5403246753246753,0.0382212778694012,0.0039834143379277155,0.07566663511393833,0.08107791702369982,0.07676310426065422,0.49746753246753245,0.037492845216144294
vitamin_b_supplement_frequency_rare_cohort,0.4864356435643564,984.0,0.49934806428049666,0.027183161558479257,0.49823091672753833,0.49750207573672356,0.033352964097952485,0.49875557481170507,0.4967567567567568,0.025772931026630114,-0.0010571207780683707,0.05440486257086498,-0.006494152953114281,0.051709048732419376,0.4967567567567567,0.027165691581909845
vitamin_b_supplement_frequency_regular_cohort,0.08455445544554452,610.0,0.5662213330148113,0.033410605813037765,0.5685917343526039,0.498107753936915,0.034273343806534025,0.49976093700349994,0.5473770491803278,0.02394484140981601,-0.00749967512429378,0.06171902073684931,0.09538166314547455,0.048147670998679455,0.4912568306010928,0.03198939028033094
vitamin_d_supplement_frequency_daily_cohort,0.0099009900990099,1972.0,0.6500447977538348,0.020496820912662153,0.650854296018992,0.5014642233664236,0.025975114654529424,0.5026784305927888,0.6083108108108106,0.01991708066621277,0.0017204342796080083,0.04026937982428098,0.21692579539501528,0.03990534692830615,0.4996452702702702,0.020409565029316578
vitamin_d_supplement_frequency_occasional_cohort,0.18653465346534653,596.0,0.5434456928838951,0.03390297373533895,0.5431335830212234,0.49516637569174643,0.0403721457646193,0.4943778110944528,0.5277653631284916,0.033607473149439224,-0.004883212412425184,0.0669661920147101,0.05565416446732475,0.06755740865900393,0.4928491620111732,0.032010539445987286
vitamin_d_supplement_frequency_rare_cohort,0.3863366336633664,1034.0,0.5131670802315964,0.02933797884222885,0.5123035566583953,0.49857104656554535,0.03496904413848507,0.5008087917008834,0.5092926045016077,0.02701689919461897,-0.000891865400394034,0.05572041538823877,0.018608248659566673,0.05414582589704448,0.49665594855305456,0.02889750521825443
vitamin_d_supplement_frequency_regular_cohort,0.08990099009900991,908.0,0.5650555495920996,0.031586485848634174,0.5635734220695577,0.4961567042566473,0.03667548779300566,0.49237263344379767,0.5469230769230768,0.029141928025307264,-0.00769226233504565,0.06434381653195316,0.09412147690839939,0.058473600584803144,0.4933699633699633,0.031809954897084484
whole_eggs_daily_cohort,0.011881188118811881,712.0,0.6602026377849595,0.030546061669537047,0.6628526508865403,0.5098393478918808,0.04494083498702816,0.513665179374502,0.6128504672897195,0.027314473154481198,0.019642387913595225,0.06670256427073842,0.22645873239783107,0.05489765990639213,0.5067757009345795,0.03326219955324021
whole_eggs_occasional_cohort,0.0099009900990099,712.0,0.6662712900690014,0.029524510127228912,0.6659751943401171,0.4995953609832993,0.0384564959680584,0.4980777632153779,0.6231308411214953,0.02434731909050616,0.0013769862452811298,0.06832665474826176,0.24698103127559026,0.048778392008595316,0.4976635514018691,0.034156928744999045
whole_eggs_rare_cohort,0.019504950495049505,712.0,0.6111690977377937,0.03311281637362417,0.6133941828980697,0.4995732138442528,0.038728937959611395,0.5014647361734741,0.5828504672897196,0.03266254861883757,-0.0025103748758372405,0.07148438630419815,0.16628959719267122,0.06551065492642542,0.4951869158878504,0.03660674413932204
whole_eggs_regular_cohort,0.014653465346534653,712.0,0.6403253559262816,0.032080455686871893,0.642042973185431,0.5044099901603584,0.04089498693542932,0.503104373300683,0.6005140186915888,0.03207320187675304,0.0014795627288744177,0.07165077858292519,0.20165316668929972,0.06438513577072896,0.4971028037383178,0.03561091062009778
whole_grain_frequency_daily_cohort,0.0099009900990099,918.0,0.7515256773787019,0.026608690511338334,0.752835538752363,0.5011353599315689,0.0337883791565331,0.5006307384064737,0.6872463768115944,0.026957495696913452,0.0023142377658848493,0.06028910988290251,0.3754999252690461,0.053942314660487364,0.49862318840579706,0.030173916523966438
whole_grain_frequency_occasional_cohort,0.0099009900990099,918.0,0.6974997374501156,0.025079475108473467,0.697752572988868,0.49821460842622917,0.03204925890889354,0.5006702301110195,0.6441666666666666,0.023732824408850706,-0.00769428919161651,0.055581926977719416,0.28899084551989973,0.04752042827766468,0.4939130434782609,0.02764984190938434
whole_grain_frequency_rare_cohort,0.010297029702970296,918.0,0.6385777672757823,0.02552858067382827,0.6378780718336483,0.5080712260573652,0.033709380414115614,0.5073655191347137,0.603731884057971,0.025546201931056004,0.0062065554500601704,0.06069524703120304,0.20796169192986041,0.05131521529152894,0.5001086956521739,0.030324398685539863
whole_grain_frequency_regular_cohort,0.0099009900990099,918.0,0.7231432472169712,0.027232908187185535,0.7250446334803613,0.4923459267416666,0.03793015614374598,0.4904433884635717,0.6633695652173915,0.027854260910526157,-0.009818180925514253,0.06746711120315597,0.3277681348412856,0.05579419066731794,0.4928260869565218,0.03474854914549478
