0,ERR1072673
1,ERR1072675
2,ERR1072716
3,ERR1072718
4,ERR1250394
5,ERR1072732
6,ERR1077771
7,ERR1074166
8,ERR1073103
9,ERR1073706
10,ERR1072769
11,ERR1073114
12,ERR1072817
13,ERR1073139
14,ERR1072862
15,ERR1072868
16,ERR1077821
17,ERR1073167
18,ERR1074229
19,ERR1074230
20,ERR1073183
21,ERR1073192
22,ERR1073208
23,ERR1073209
24,ERR1074256
25,ERR1073783
26,ERR1073214
27,ERR1074263
28,ERR1073224
29,ERR1079924
30,ERR1073016
31,ERR1073017
32,ERR1074279
33,ERR1074281
34,ERR1075627
35,ERR1073814
36,ERR1073247
37,ERR1073248
38,ERR1073547
39,ERR1073818
40,ERR1075635
41,ERR1075636
42,ERR1077847
43,ERR1077849
44,ERR1073031
45,ERR1074770
46,ERR1073281
47,ERR1073854
48,ERR1073564
49,ERR1073329
50,ERR1089694
51,ERR1074334
52,ERR1073334
53,ERR1074336
54,ERR1073336
55,ERR1090227
56,ERR1074396
57,ERR1073980
58,ERR1073986
59,ERR1074790
60,ERR1074428
61,ERR1073684
62,ERR1074801
63,ERR1074496
64,ERR1074501
65,ERR1074809
66,ERR1074810
67,ERR1077995
68,ERR1077282
69,ERR1074900
70,ERR1078043
71,ERR1075059
72,ERR1075699
73,ERR2092729
74,ERR1075183
75,ERR1090245
76,ERR1090247
77,ERR1075195
78,ERR1075753
79,ERR1075494
80,ERR1075314
81,ERR1075829
82,ERR1075856
83,ERR1075857
84,ERR1075884
85,ERR1075909
86,ERR1075933
87,ERR1075936
88,ERR1075939
89,ERR1075517
90,ERR1075354
91,ERR2579374
92,ERR1077322
93,ERR1077618
94,ERR1077324
95,ERR1077329
96,ERR1077063
97,ERR1077687
98,ERR1077694
99,ERR1077697
100,ERR1090336
101,ERR1080048
102,ERR1090340
103,ERR1077186
104,ERR1089809
105,ERR1089828
106,ERR1091281
107,ERR1090382
108,ERR1250460
109,ERR1090389
110,ERR1090809
111,ERR1090397
112,ERR1090824
113,ERR1080313
114,ERR1080314
115,ERR1845760
116,ERR1089863
117,ERR1089864
118,ERR1089865
119,ERR1091290
120,ERR1091291
121,ERR1089868
122,ERR1089869
123,ERR1089871
124,ERR1089872
125,ERR1089873
126,ERR1089875
127,ERR1090829
128,ERR1417412
129,ERR1417413
130,ERR1089881
131,ERR1089887
132,ERR1091292
133,ERR1080318
134,ERR1089889
135,ERR1089890
136,ERR1080320
137,ERR1250470
138,ERR1080393
139,ERR1250491
140,ERR1091315
141,ERR1090584
142,ERR1090877
143,ERR1090585
144,ERR1090588
145,ERR1249755
146,ERR1091326
147,ERR1090899
148,ERR1090623
149,ERR1090927
150,ERR1090932
151,ERR1090934
152,ERR1090634
153,ERR1315843
154,ERR1090961
155,ERR1090965
156,ERR1090966
157,ERR1843458
158,ERR1091368
159,ERR1091381
160,ERR1389649
161,ERR2091833
162,ERR1091032
163,ERR1091409
164,ERR1843461
165,ERR1845853
166,ERR1091095
167,ERR1091097
168,ERR1091098
169,ERR1091440
170,ERR1091114
171,ERR1091446
172,ERR2032138
173,ERR2091842
174,ERR2032141
175,ERR2032142
176,ERR1417434
177,ERR2579647
178,ERR1091650
179,ERR1249862
180,ERR1315911
181,ERR1091692
182,ERR1091693
183,ERR1091694
184,ERR1091695
185,ERR1091697
186,ERR1842157
187,ERR1091705
188,ERR1249905
189,ERR1249913
190,ERR1091747
191,ERR1842161
192,ERR1249923
193,ERR1091790
194,ERR2303828
195,ERR1315989
196,ERR2091850
197,ERR1597016
198,ERR2032527
199,ERR1845892
200,ERR1845895
201,ERR1458821
202,ERR1843503
203,ERR1417533
204,ERR1842176
205,ERR1091805
206,ERR1249955
207,ERR1458900
208,ERR1417573
209,ERR2091861
210,ERR2318008
211,ERR1841601
212,ERR1316037
213,ERR1417623
214,ERR1417624
215,ERR1316048
216,ERR1545867
217,ERR1417625
218,ERR1389859
219,ERR1597042
220,ERR2696822
221,ERR1250643
222,ERR1389882
223,ERR1389889
224,ERR1389890
225,ERR1458961
226,ERR1233475
227,ERR1417652
228,ERR1842243
229,ERR2032158
230,ERR1842743
231,ERR1389987
232,ERR1390003
233,ERR1459087
234,ERR1842249
235,ERR1841666
236,ERR2319319
237,ERR1841672
238,ERR1551634
239,ERR1843710
240,ERR2032699
241,ERR1842329
242,ERR1842330
243,ERR1842333
244,ERR1843712
245,ERR1842339
246,ERR2056852
247,ERR2056854
248,ERR2579677
249,ERR2032706
250,ERR2091903
251,ERR1841765
252,ERR1546020
253,ERR1841766
254,ERR1843770
255,ERR1843782
256,ERR1842463
257,ERR1597278
258,ERR2056886
259,ERR2056887
260,ERR2314041
261,ERR2032744
262,ERR2306110
263,ERR2306113
264,ERR2314067
265,ERR2314068
266,ERR2032772
267,ERR2306117
268,ERR2032775
269,ERR1854744
270,ERR2306120
271,ERR2306121
272,ERR2309208
273,ERR2318048
274,ERR2319380
275,ERR1854749
276,ERR2032899
277,ERR2318146
278,ERR2314169
279,ERR2032928
280,ERR2314170
281,ERR2314171
282,ERR2579767
283,ERR2579770
284,ERR2319424
285,ERR2319426
286,ERR2319427
287,ERR2319431
288,ERR2032409
289,ERR2092392
290,ERR2092404
291,ERR2314184
292,ERR2319470
293,ERR2314190
294,ERR2314194
295,ERR2523887
296,ERR2092082
297,ERR2092083
298,ERR2308585
299,ERR2318173
300,ERR2696861
301,ERR2318217
302,ERR2306173
303,ERR2304004
304,ERR2579890
305,ERR2314337
306,ERR2579891
307,ERR2308670
308,ERR2308674
309,ERR2579965
310,ERR2579973
311,ERR2318255
312,ERR2318256
313,ERR2318257
314,ERR2318258
315,ERR2318259
316,ERR2579987
317,ERR2579991
318,ERR2579992
319,ERR2318262
320,ERR2318263
321,ERR2579995
322,ERR2579998
323,ERR2580008
324,ERR2318266
325,ERR2318269
326,ERR2580011
327,ERR2318273
328,ERR2580023
329,ERR2580025
330,ERR2309346
331,ERR2696871
332,ERR2318276
333,ERR2309347
334,ERR2306186
335,ERR2318277
336,ERR2308681
337,ERR2308682
338,ERR2580036
339,ERR2308685
340,ERR2304023
341,ERR2304025
342,ERR2318293
343,ERR2580043
344,ERR2580045
345,ERR2308701
346,ERR2697600
347,ERR2309366
348,ERR2309367
349,ERR2309371
350,ERR2306230
351,ERR2580093
352,ERR2308714
353,ERR2308715
354,ERR2308716
355,ERR2580110
356,ERR2523948
357,ERR2405044
358,ERR2405045
359,ERR2405052
360,ERR2579408
361,ERR2697667
362,ERR2697673
363,ERR2309407
364,ERR2308792
365,ERR2405280
366,ERR2405288
367,ERR2405324
368,ERR2696956
369,ERR2696535
370,ERR2696536
371,ERR2696540
372,ERR2579490
373,ERR2579495
374,ERR2696558
375,ERR2696559
376,ERR2697788
377,ERR2696629
378,ERR2696630
379,ERR2697801
380,ERR2697876
381,ERR2696722
382,ERR2696724
383,ERR2697906
384,ERR2697973
385,ERR2698001
386,ERR2698013
